id,positionId,nickname,lastSeasonPoints,playerStatus,marketValue,points,averagePoints,teamId,fecha_actualizacion
68,1,Unai Simón,211,ok,54032285,0,0,3,2026-08-16T22:07:24
140,1,Iván Villar,0,ok,963997,0,0,6,2026-08-16T22:07:24
184,1,David Soria,249,ok,19976720,4,4,9,2026-08-16T22:07:24
204,1,Aitor Fdez,8,ok,498466,0,0,13,2026-08-16T22:07:24
230,1,Courtois,212,ok,60825268,0,0,15,2026-08-16T22:07:24
274,1,Remiro,188,ok,43040286,0,0,16,2026-08-16T22:07:24
644,1,Sergio Herrera,217,ok,39602509,0,0,13,2026-08-16T22:07:24
988,1,Sivera,171,ok,31592971,12,12,21,2026-08-16T22:07:24
1219,1,Agirrezabala,104,ok,2802725,5,5,49,2026-08-16T22:07:24
2321,1,J. Musso,48,ok,4422796,0,0,2,2026-08-16T22:07:24
2322,1,Oblak,208,ok,52330272,0,0,2,2026-08-16T22:07:24
2351,1,Iñaki Peña,102,out_of_league,4015501,0,0,7,2026-08-16T22:07:24
2363,1,Letacek,0,ok,696155,0,0,9,2026-08-16T22:07:24
2378,1,D. Cárdenas,35,ok,586960,0,0,14,2026-08-16T22:07:24
2413,1,Adrián,10,out_of_league,1907121,0,0,5,2026-08-16T22:07:24
2423,1,Lunin,39,ok,2144162,0,0,15,2026-08-16T22:07:24
2435,1,Marrero,8,ok,1124857,0,0,16,2026-08-16T22:07:24
2457,1,Dimitrievski,118,ok,14397928,0,0,18,2026-08-16T22:07:24
2467,1,Júnior R.,200,ok,38033274,3,3,20,2026-08-16T22:07:24
2468,1,Diego Conde,0,out_of_league,3041589,0,0,5,2026-08-16T22:07:24
2507,1,Dmitrovic,222,ok,37560135,0,0,8,2026-08-16T22:07:24
2519,1,A. Batalla,213,ok,40067753,5,5,14,2026-08-16T22:07:24
2540,1,C. Rivero,-3,ok,490094,0,0,18,2026-08-16T22:07:24
2541,1,Á. Valles,185,ok,33113508,0,0,5,2026-08-16T22:07:24
2565,1,A. Fortuño,7,ok,538874,0,0,8,2026-08-16T22:07:24
2567,1,Raúl Fernández,0,out_of_league,903475,0,0,21,2026-08-16T22:07:24
2579,1,Fran González,0,ok,667407,0,0,17,2026-08-16T22:07:24
2597,1,Marc Vidal,,out_of_league,1003764,0,0,6,2026-08-16T22:07:24
2610,1,Pau López,61,out_of_league,2634421,0,0,5,2026-08-16T22:07:24
2613,1,M. Dituro,137,ok,7572315,0,0,7,2026-08-16T22:07:24
2634,1,Joan García,258,ok,68689669,0,0,4,2026-08-16T22:07:24
2643,1,Esquivel,0,out_of_league,602292,0,0,2,2026-08-16T22:07:24
2644,1,Padilla,-3,out_of_league,1505588,0,0,3,2026-08-16T22:07:24
2647,1,Kochen,0,out_of_league,677941,0,0,4,2026-08-16T22:07:24
2658,1,Tristán,0,out_of_league,501872,0,0,8,2026-08-16T22:07:24
2666,1,P. Campos,14,ok,1056067,0,0,11,2026-08-16T22:07:24
2667,1,A. Primo,0,out_of_league,1104126,0,0,11,2026-08-16T22:07:24
2668,1,Cayetano,0,out_of_league,602249,0,0,11,2026-08-16T22:07:24
2677,1,Rafa Romero,0,out_of_league,602257,0,0,17,2026-08-16T22:07:24
2696,1,Ruben,0,ok,565082,0,0,20,2026-08-16T22:07:24
2713,1,Ionut Radu,254,ok,38934871,0,0,6,2026-08-16T22:07:24
2715,1,A. Iturbe,0,out_of_league,802099,0,0,7,2026-08-16T22:07:24
2719,1,Stamatakis,0,out_of_league,602319,0,0,13,2026-08-16T22:07:24
2722,1,Mestre,0,out_of_league,677860,0,0,15,2026-08-16T22:07:24
2724,1,Adrián Molina,0,out_of_league,602234,0,0,14,2026-08-16T22:07:24
2744,1,Juanpe Gil,0,out_of_league,602234,0,0,14,2026-08-16T22:07:24
2747,1,Alberto F.,0,out_of_league,702633,0,0,17,2026-08-16T22:07:24
2749,1,Swiderski,0,out_of_league,602316,0,0,21,2026-08-16T22:07:24
2755,1,Ryan,229,out_of_league,13550652,0,0,11,2026-08-16T22:07:24
2758,1,Arnau Tenas,50,out_of_league,6597370,0,0,20,2026-08-16T22:07:24
2759,1,Vlachodimos,155,ok,18343601,6,6,17,2026-08-16T22:07:24
2783,1,Szczesny,41,ok,2308693,0,0,4,2026-08-16T22:07:24
2791,1,Montero,0,out_of_league,602316,0,0,21,2026-08-16T22:07:24
2792,1,Folgado,0,out_of_league,702606,0,0,16,2026-08-16T22:07:24
2793,1,Germán,0,out_of_league,702622,0,0,5,2026-08-16T22:07:24
2794,1,Manu G.,0,out_of_league,581691,0,0,5,2026-08-16T22:07:24
2809,1,M. Santos,0,out_of_league,702606,0,0,3,2026-08-16T22:07:24
2819,1,Ferrer,0,out_of_league,702705,0,0,9,2026-08-16T22:07:24
2820,1,J. Benito,0,out_of_league,602319,0,0,9,2026-08-16T22:07:24
2823,1,Eder Aller,0,out_of_league,702705,0,0,4,2026-08-16T22:07:24
2835,1,Fraga,0,out_of_league,602234,0,0,16,2026-08-16T22:07:24
2837,1,Javi Navarro,0,out_of_league,702622,0,0,15,2026-08-16T22:07:24
2966,1,Bachmann,,out_of_league,501880,0,0,26,2026-08-16T22:07:24
2971,1,Rios,,out_of_league,903386,0,0,26,2026-08-16T22:07:24
2975,1,A. Ferllo,,ok,4650459,0,0,26,2026-08-16T22:07:24
2983,1,Eric Puerto,,out_of_league,367523,0,0,26,2026-08-16T22:07:24
2988,1,Germán,,ok,593635,0,0,26,2026-08-16T22:07:24
3001,1,Jokin Ezkieta,,out_of_league,5949251,0,0,49,2026-08-16T22:07:24
3016,1,Alvaro J.,,out_of_league,602234,0,0,49,2026-08-16T22:07:24
3018,1,Eriksson,,ok,2908104,0,0,49,2026-08-16T22:07:24
3021,1,Andreev,,out_of_league,601574,0,0,49,2026-08-16T22:07:24
3029,1,Laro,,out_of_league,602234,0,0,49,2026-08-16T22:07:24
3040,1,A. Herrero,,ok,8323282,0,0,12,2026-08-16T22:07:24
3057,1,Carlos Lopez,,ok,383785,0,0,12,2026-08-16T22:07:24
3061,1,Andrés,,out_of_league,401498,0,0,12,2026-08-16T22:07:24
3109,1,Leo Román,,ok,36829681,0,0,26,2026-08-16T22:07:24
3118,1,Moldovan,,out_of_league,500000,0,0,2,2026-08-16T22:07:24
3130,1,Gulácsi,,ok,4252169,0,0,20,2026-08-16T22:07:24
3141,1,Owono,,ok,919675,0,0,21,2026-08-16T22:07:24
3160,1,A. Rodriguez,,ok,1021007,0,0,21,2026-08-16T22:07:24
67,2,Marcos Llorente,154,ok,50412682,0,0,2,2026-08-16T22:07:24
74,2,Yuri,163,ok,12494580,0,0,3,2026-08-16T22:07:24
77,2,Yeray,28,ok,4711880,0,0,3,2026-08-16T22:07:24
121,2,Bartra,140,ok,27886319,0,0,5,2026-08-16T22:07:24
255,2,Le Normand,125,ok,10144161,0,0,2,2026-08-16T22:07:24
265,2,Zubeldia,90,ok,10047248,0,0,16,2026-08-16T22:07:24
302,2,Gayá,135,ok,10919145,0,0,18,2026-08-16T22:07:24
673,2,Domingos Duarte,181,out_of_league,8021003,0,0,9,2026-08-16T22:07:24
1033,2,Catena,183,ok,33949160,0,0,13,2026-08-16T22:07:24
1056,2,Pedrosa,59,out_of_league,3312788,0,0,7,2026-08-16T22:07:24
1121,2,Balliu,32,ok,968786,-2,-2,14,2026-08-16T22:07:24
1147,2,Juan Iglesias,161,ok,11807962,4,4,17,2026-08-16T22:07:24
1218,2,Álex Balde,116,ok,23283990,0,0,4,2026-08-16T22:07:24
1251,2,Carmona,104,ok,4337315,0,0,17,2026-08-16T22:07:24
1337,2,Tenaglia,173,ok,14472093,17,17,21,2026-08-16T22:07:24
1535,2,Chavarría,152,out_of_league,17526407,0,0,14,2026-08-16T22:07:24
1614,2,Cardona,123,ok,4684635,0,0,20,2026-08-16T22:07:24
1775,2,Pau Cubarsí,187,ok,77521144,0,0,4,2026-08-16T22:07:24
1890,2,Boyomo,121,ok,28167229,0,0,13,2026-08-16T22:07:24
1930,2,El Hilali,101,ok,8970454,0,0,8,2026-08-16T22:07:24
1959,2,Mouriño,127,ok,40219248,-1,-1,20,2026-08-16T22:07:24
1989,2,Sergio Gómez,173,ok,17896815,0,0,16,2026-08-16T22:07:24
1991,2,Tárrega,127,ok,9056528,0,0,18,2026-08-16T22:07:24
2005,2,Abel Bretones,86,ok,3864534,0,0,13,2026-08-16T22:07:24
2074,2,Javi Rodríguez,132,ok,9142733,0,0,6,2026-08-16T22:07:24
2146,2,Asencio,109,injured,4444562,0,0,15,2026-08-16T22:07:24
2178,2,F. Garcés,43,suspended,608200,0,0,21,2026-08-16T22:07:24
2206,2,Yoel Lago,44,out_of_league,702633,0,0,6,2026-08-16T22:07:24
2293,2,John C.,38,ok,677560,0,0,7,2026-08-16T22:07:24
2294,2,R.P. Bigas,131,doubtful,5051643,0,0,7,2026-08-16T22:07:24
2300,2,Dela,153,out_of_league,14052528,0,0,11,2026-08-16T22:07:24
2314,2,Vivian,124,injured,10512541,0,0,3,2026-08-16T22:07:24
2315,2,Paredes,91,ok,5141603,0,0,3,2026-08-16T22:07:24
2316,2,Gorosabel,60,ok,2276633,0,0,3,2026-08-16T22:07:24
2323,2,Lenglet,84,out_of_league,2906079,0,0,2,2026-08-16T22:07:24
2324,2,J. M. Giménez,89,ok,4593905,0,0,2,2026-08-16T22:07:24
2325,2,Molina,112,out_of_league,3996790,0,0,2,2026-08-16T22:07:24
2329,2,Javi Galán,110,doubtful,12374144,0,0,6,2026-08-16T22:07:24
2334,2,Juan Cruz,40,out_of_league,3011603,0,0,13,2026-08-16T22:07:24
2335,2,Areso,81,ok,2880831,0,0,3,2026-08-16T22:07:24
2336,2,Herrando,90,ok,1671711,0,0,13,2026-08-16T22:07:24
2346,2,Álvaro Núñez,125,ok,3630081,0,0,6,2026-08-16T22:07:24
2353,2,Christensen,28,out_of_league,5019340,0,0,4,2026-08-16T22:07:24
2354,2,Eric,201,ok,44534752,0,0,4,2026-08-16T22:07:24
2355,2,Kounde,154,ok,40955364,0,0,4,2026-08-16T22:07:24
2356,2,R. Araujo,86,out_of_league,4635257,0,0,4,2026-08-16T22:07:24
2366,2,Rico,76,out_of_league,4918952,0,0,9,2026-08-16T22:07:24
2379,2,A. Mumin,6,out_of_league,6022356,0,0,14,2026-08-16T22:07:24
2380,2,Pacha,104,out_of_league,3513040,0,0,14,2026-08-16T22:07:24
2389,2,O. Mingueza,132,out_of_league,15056479,0,0,6,2026-08-16T22:07:24
2390,2,Starfelt,106,ok,13983235,0,0,6,2026-08-16T22:07:24
2391,2,Ristic,15,out_of_league,903386,0,0,6,2026-08-16T22:07:24
2392,2,C. Dominguez,24,out_of_league,683567,0,0,6,2026-08-16T22:07:24
2398,2,F. Calero,121,injured,2858839,0,0,12,2026-08-16T22:07:24
2403,2,Copete,76,injured,1877657,0,0,18,2026-08-16T22:07:24
2414,2,Bellerín,124,ok,14291460,0,0,5,2026-08-16T22:07:24
2415,2,Llorente ,91,ok,13251307,0,0,5,2026-08-16T22:07:24
2425,2,F. Mendy,14,injured,731626,0,0,15,2026-08-16T22:07:24
2426,2,E. Militão,103,injured,11728483,0,0,15,2026-08-16T22:07:24
2428,2,Rüdiger,93,ok,27972981,0,0,15,2026-08-16T22:07:24
2429,2,Fran García,57,out_of_league,9591157,0,0,15,2026-08-16T22:07:24
2437,2,Aritz,33,out_of_league,3713786,0,0,16,2026-08-16T22:07:24
2438,2,Aihen,46,ok,1387278,0,0,16,2026-08-16T22:07:24
2439,2,Pacheco,71,out_of_league,4015452,0,0,21,2026-08-16T22:07:24
2442,2,Odriozola,22,injured,590223,0,0,16,2026-08-16T22:07:24
2443,2,Aramburu,83,ok,17462968,0,0,16,2026-08-16T22:07:24
2449,2,Marcao,46,ok,629055,0,0,17,2026-08-16T22:07:24
2450,2,Nianzou,25,out_of_league,1673795,0,0,17,2026-08-16T22:07:24
2458,2,Diakhaby,38,ok,5760894,0,0,18,2026-08-16T22:07:24
2461,2,J. Vázquez,64,ok,1714989,0,0,18,2026-08-16T22:07:24
2462,2,Cömert,93,out_of_league,3714144,0,0,18,2026-08-16T22:07:24
2469,2,Costa,4,ok,1252543,0,0,20,2026-08-16T22:07:24
2470,2,Foyth,63,ok,12236452,4,4,20,2026-08-16T22:07:24
2471,2,Kambwala,3,ok,1138833,0,0,20,2026-08-16T22:07:24
2479,2,Kike Salas,130,suspended,12255449,1,1,17,2026-08-16T22:07:24
2496,2,Thierry Correia,61,out_of_league,8030584,0,0,18,2026-08-16T22:07:24
2525,2,Salinas,6,ok,1032130,0,0,12,2026-08-16T22:07:24
2526,2,Miguel Rubio,29,ok,558551,0,0,8,2026-08-16T22:07:24
2528,2,Aidoo Jr,26,out_of_league,2810540,0,0,6,2026-08-16T22:07:24
2530,2,Huijsen,169,ok,32460459,0,0,15,2026-08-16T22:07:24
2531,2,Trent,91,ok,22781237,0,0,15,2026-08-16T22:07:24
2532,2,Ruggeri,128,ok,5956370,0,0,2,2026-08-16T22:07:24
2533,2,Á. Carreras,176,ok,12241851,0,0,15,2026-08-16T22:07:24
2538,2,I. Lekue,16,out_of_league,3183051,0,0,3,2026-08-16T22:07:24
2542,2,Rafa Marín,124,out_of_league,9647743,0,0,20,2026-08-16T22:07:24
2543,2,Natan,163,ok,39829866,0,0,5,2026-08-16T22:07:24
2545,2,Adama,28,ok,489901,0,0,3,2026-08-16T22:07:24
2546,2,Foulquier,44,doubtful,2263014,0,0,18,2026-08-16T22:07:24
2550,2,Luiz Felipe,36,ok,3734874,0,0,14,2026-08-16T22:07:24
2552,2,Jonny Otto,95,ok,5399739,7,7,21,2026-08-16T22:07:24
2559,2,V. Rosier,136,injured,5550787,0,0,13,2026-08-16T22:07:24
2561,2,Hancko,138,ok,38497274,0,0,2,2026-08-16T22:07:24
2562,2,Marc Pubill,107,ok,58782961,0,0,2,2026-08-16T22:07:24
2568,2,Youssef,72,ok,500026,3,3,21,2026-08-16T22:07:24
2572,2,Fortea,0,out_of_league,802099,0,0,15,2026-08-16T22:07:24
2573,2,Diego Aguado,2,out_of_league,774109,0,0,15,2026-08-16T22:07:24
2585,2,Kostis,0,out_of_league,702674,0,0,2,2026-08-16T22:07:24
2596,2,V. Chust,96,ok,4663003,0,0,7,2026-08-16T22:07:24
2604,2,Carreira,130,ok,6742909,0,0,6,2026-08-16T22:07:24
2606,2,V. Parada,85,out_of_league,3775868,0,0,21,2026-08-16T22:07:24
2609,2,Valentín Gómez,99,ok,1752299,0,0,5,2026-08-16T22:07:24
2614,2,C. Romero,196,ok,43995046,3,3,20,2026-08-16T22:07:24
2624,2,Manu Sánchez,113,out_of_league,5538185,0,0,6,2026-08-16T22:07:24
2627,2,Junior,38,ok,3444610,0,0,5,2026-08-16T22:07:24
2629,2,Elgezabal,33,out_of_league,1420696,0,0,11,2026-08-16T22:07:24
2630,2,Rodríguez,90,out_of_league,9033741,0,0,5,2026-08-16T22:07:24
2631,2,Léo Pétrot,69,out_of_league,3011625,0,0,7,2026-08-16T22:07:24
2645,2,Rego,69,out_of_league,5018825,0,0,3,2026-08-16T22:07:24
2648,2,Jofre,3,out_of_league,602319,0,0,4,2026-08-16T22:07:24
2653,2,Manuel Fernández,42,ok,399102,0,0,6,2026-08-16T22:07:24
2656,2,Jon Martin,112,out_of_league,30111790,0,0,16,2026-08-16T22:07:24
2661,2,Djene,142,ok,8653547,3,3,9,2026-08-16T22:07:24
2663,2,Ismael,13,out_of_league,1104254,0,0,9,2026-08-16T22:07:24
2669,2,Matías Moreno,130,out_of_league,9033768,0,0,11,2026-08-16T22:07:24
2670,2,Víctor G.,80,ok,1987022,0,0,11,2026-08-16T22:07:24
2671,2,Jeremy Toljan,118,ok,4200686,0,0,11,2026-08-16T22:07:24
2678,2,J. Vertrouwd,24,out_of_league,1003725,0,0,14,2026-08-16T22:07:24
2680,2,A. Castrín,90,ok,4369326,0,0,17,2026-08-16T22:07:24
2692,2,Rubo,2,out_of_league,602292,0,0,18,2026-08-16T22:07:24
2698,2,Pau Navarro,89,ok,8995994,0,0,20,2026-08-16T22:07:24
2699,2,J. Ives Valou,0,out_of_league,602292,-1,-1,20,2026-08-16T22:07:24
2711,2,Á. Ortiz,29,out_of_league,1706372,0,0,5,2026-08-16T22:07:24
2714,2,Javi Rueda,132,ok,4295574,0,0,6,2026-08-16T22:07:24
2716,2,Albert,0,out_of_league,803099,0,0,7,2026-08-16T22:07:24
2720,2,R. Chasco,0,out_of_league,501932,0,0,13,2026-08-16T22:07:24
2725,2,De Las Sias,0,out_of_league,602234,0,0,14,2026-08-16T22:07:24
2728,2,Renato Veiga,119,ok,39193607,2,2,20,2026-08-16T22:07:24
2736,2,Davinchi,27,ok,3075075,1,1,9,2026-08-16T22:07:24
2737,2,Jon De Luis,0,out_of_league,602257,0,0,3,2026-08-16T22:07:24
2740,2,Vilaplana,0,out_of_league,582013,0,0,9,2026-08-16T22:07:24
2741,2,Martin Krug,0,out_of_league,602249,0,0,11,2026-08-16T22:07:24
2742,2,Nacho Perez,9,out_of_league,581692,0,0,11,2026-08-16T22:07:24
2753,2,Suazo,94,ok,5432732,0,0,17,2026-08-16T22:07:24
2757,2,Gerard Martín,161,ok,35772673,0,0,4,2026-08-16T22:07:24
2767,2,Alan Matturro,66,out_of_league,2411763,0,0,11,2026-08-16T22:07:24
2774,2,Kiko F.,113,suspended,3965370,-1,-1,9,2026-08-16T22:07:24
2776,2,A. Abqar,83,ok,7177243,2,2,9,2026-08-16T22:07:24
2785,2,Riedel,76,ok,4532650,0,0,8,2026-08-16T22:07:24
2789,2,Oso,81,ok,13206750,1,1,17,2026-08-16T22:07:24
2790,2,Cardoso,20,ok,824902,0,0,17,2026-08-16T22:07:24
2795,2,Navarro,0,out_of_league,501909,0,0,18,2026-08-16T22:07:24
2807,2,D. Jiménez,8,out_of_league,602248,0,0,15,2026-08-16T22:07:24
2811,2,Bladi,,out_of_league,602248,0,0,5,2026-08-16T22:07:24
2817,2,Nyom,30,out_of_league,1505801,0,0,9,2026-08-16T22:07:24
2818,2,Hector Fort,55,ok,3340711,0,0,4,2026-08-16T22:07:24
2827,2,Monreal,0,out_of_league,602257,0,0,3,2026-08-16T22:07:24
2831,2,Ballestero,1,out_of_league,602316,0,0,21,2026-08-16T22:07:24
2833,2,N. Mendy,120,out_of_league,6022356,0,0,14,2026-08-16T22:07:24
2834,2,Beitia,6,out_of_league,501861,0,0,16,2026-08-16T22:07:24
2836,2,Lebarbier,,out_of_league,602234,0,0,16,2026-08-16T22:07:24
2839,2,Sierra,,out_of_league,602292,0,0,20,2026-08-16T22:07:24
2843,2,Xavi Espart,5,out_of_league,702705,0,0,4,2026-08-16T22:07:24
2844,2,David Delgado,0,out_of_league,602324,0,0,7,2026-08-16T22:07:24
2846,2,Arguibide,17,out_of_league,582013,0,0,13,2026-08-16T22:07:24
2848,2,P. Meixus,,out_of_league,485372,0,0,6,2026-08-16T22:07:24
2851,2,Álvaro García,,out_of_league,501929,0,0,21,2026-08-16T22:07:24
2852,2,Egoitz M.l.,0,out_of_league,602316,0,0,21,2026-08-16T22:07:24
2854,2,Lucas Laso,0,out_of_league,501932,0,0,9,2026-08-16T22:07:24
2855,2,Yassin T.,,out_of_league,501932,0,0,9,2026-08-16T22:07:24
2858,2,Huseini,0,out_of_league,501874,0,0,11,2026-08-16T22:07:24
2863,2,Panach,0,out_of_league,501909,0,0,18,2026-08-16T22:07:24
2864,2,Marc Jurado,,out_of_league,602292,0,0,18,2026-08-16T22:07:24
2867,2,Valdepeñas,,out_of_league,802997,0,0,15,2026-08-16T22:07:24
2872,2,Mikel,,out_of_league,602319,0,0,13,2026-08-16T22:07:24
2873,2,Santos,,out_of_league,602319,0,0,13,2026-08-16T22:07:24
2874,2,Joan Martínez,0,out_of_league,702622,0,0,15,2026-08-16T22:07:24
2876,2,Iker Muñoz,,out_of_league,602284,0,0,17,2026-08-16T22:07:24
2881,2,D. Martínez,-1,out_of_league,415311,0,0,2,2026-08-16T22:07:24
2882,2,J. Boñar,19,out_of_league,445140,0,0,2,2026-08-16T22:07:24
2883,2,Purić,3,out_of_league,434872,0,0,2,2026-08-16T22:07:24
2885,2,Xanet Olaiz,0,out_of_league,602316,0,0,21,2026-08-16T22:07:24
2889,2,Tommy Marqués,2,out_of_league,602319,0,0,4,2026-08-16T22:07:24
2890,2,Montes,5,out_of_league,602319,0,0,9,2026-08-16T22:07:24
2898,2,Kita,,out_of_league,602234,0,0,16,2026-08-16T22:07:24
2901,2,Fontanet,0,out_of_league,581987,0,0,18,2026-08-16T22:07:24
2906,2,Cancelo,117,out_of_league,46207219,0,0,4,2026-08-16T22:07:24
2912,2,Julio Díaz,22,ok,461586,0,0,17,2026-08-16T22:07:24
2914,2,Bema Sina,,out_of_league,602324,0,0,7,2026-08-16T22:07:24
2924,2,Zaid Romero,119,ok,28061835,4,4,9,2026-08-16T22:07:24
2926,2,Boselli,32,ok,2649932,-1,-1,9,2026-08-16T22:07:24
2930,2,Nuñez,48,ok,3674277,1,1,8,2026-08-16T22:07:24
2934,2,Freeman,26,ok,2411337,1,1,20,2026-08-16T22:07:24
2936,2,Egiluz,0,injured,413952,0,0,3,2026-08-16T22:07:24
2938,2,Koski,23,ok,796336,8,8,21,2026-08-16T22:07:24
2949,2,B. Sangare,20,ok,3783066,0,0,7,2026-08-16T22:07:24
2950,2,Saravia,12,out_of_league,1505733,0,0,18,2026-08-16T22:07:24
2952,2,Lamini,,out_of_league,677955,0,0,15,2026-08-16T22:07:24
2953,2,Gattoni,0,out_of_league,435131,0,0,17,2026-08-16T22:07:24
2960,2,Spina,,out_of_league,702702,0,0,2,2026-08-16T22:07:24
2963,2,Quagliata,,ok,3244856,0,0,26,2026-08-16T22:07:24
2965,2,M. Loureiro,,ok,3715099,0,0,26,2026-08-16T22:07:24
2968,2,Quique T.,,out_of_league,602257,0,0,26,2026-08-16T22:07:24
2972,2,Damián,,out_of_league,602257,0,0,26,2026-08-16T22:07:24
2976,2,A. Alti,,ok,4477457,0,0,26,2026-08-16T22:07:24
2979,2,Samu,,out_of_league,702633,0,0,26,2026-08-16T22:07:24
2982,2,I.vidal,,out_of_league,501880,0,0,26,2026-08-16T22:07:24
2985,2,Noubi,,ok,12527150,0,0,26,2026-08-16T22:07:24
2987,2,Comas,,ok,707715,0,0,26,2026-08-16T22:07:24
2989,2,Dani Barcia,,ok,1303312,0,0,26,2026-08-16T22:07:24
2990,2,Ximo Navarro,,ok,5556596,0,0,26,2026-08-16T22:07:24
2996,2,Escudero,,out_of_league,1003764,0,0,26,2026-08-16T22:07:24
2997,2,Pablo,,out_of_league,468964,0,0,26,2026-08-16T22:07:24
2999,2,Mantilla,,ok,2793048,-1,-1,49,2026-08-16T22:07:24
3000,2,Iñigo,,ok,749996,0,0,49,2026-08-16T22:07:24
3006,2,Mario García,,out_of_league,733895,0,0,49,2026-08-16T22:07:24
3008,2,Manu Hernando,,ok,1743424,4,4,49,2026-08-16T22:07:24
3009,2,Castro,,out_of_league,5018630,0,0,49,2026-08-16T22:07:24
3010,2,Suleiman,,out_of_league,954892,0,0,49,2026-08-16T22:07:24
3011,2,Jorge Salinas,,ok,5574497,3,3,49,2026-08-16T22:07:24
3013,2,Calera,,out_of_league,802979,0,0,49,2026-08-16T22:07:24
3020,2,Carlos,,out_of_league,702606,0,0,49,2026-08-16T22:07:24
3026,2,Pablo Ramón,,ok,510551,3,3,49,2026-08-16T22:07:24
3027,2,Facu,,ok,3059782,1,1,49,2026-08-16T22:07:24
3030,2,Aitor Crespo,,out_of_league,802979,0,0,49,2026-08-16T22:07:24
3037,2,C. Puga,,ok,5243145,0,0,12,2026-08-16T22:07:24
3039,2,Murillo,,injured,2017995,0,0,12,2026-08-16T22:07:24
3041,2,Rafita,,out_of_league,5018744,0,0,12,2026-08-16T22:07:24
3042,2,Einar,,ok,3901324,0,0,12,2026-08-16T22:07:24
3043,2,Montero,,out_of_league,4115370,0,0,12,2026-08-16T22:07:24
3047,2,Dani Sánchez,,ok,718142,0,0,12,2026-08-16T22:07:24
3051,2,Victor,,out_of_league,1254684,0,0,12,2026-08-16T22:07:24
3054,2,Recio,,out_of_league,752810,0,0,12,2026-08-16T22:07:24
3058,2,Gabilondo,,out_of_league,401498,0,0,12,2026-08-16T22:07:24
3059,2,Pastor,,ok,376322,0,0,12,2026-08-16T22:07:24
3062,2,Arriaza,,out_of_league,401498,0,0,12,2026-08-16T22:07:24
3063,2,M. Santaella,,out_of_league,401498,0,0,12,2026-08-16T22:07:24
3064,2,Moussa,,out_of_league,401498,0,0,12,2026-08-16T22:07:24
3065,2,Laporte,,ok,53175636,0,0,3,2026-08-16T22:07:24
3067,2,Affengruber,,ok,32752877,0,0,7,2026-08-16T22:07:24
3068,2,Cabrera,,ok,17006166,0,0,8,2026-08-16T22:07:24
3080,2,Dumfries,,ok,57034720,0,0,15,2026-08-16T22:07:24
3081,2,Ratiu,,ok,35597698,4,4,14,2026-08-16T22:07:24
3082,2,Lejeune,,ok,38315814,1,1,14,2026-08-16T22:07:24
3098,2,Q. Hartman,,ok,8753133,0,0,8,2026-08-16T22:07:24
3106,2,Cucurella,,ok,81601459,0,0,15,2026-08-16T22:07:24
3107,2,Konaté,,ok,48735216,0,0,15,2026-08-16T22:07:24
3111,2,Cabello,,ok,819073,0,0,11,2026-08-16T22:07:24
3115,2,Diaby,,ok,1067303,0,0,7,2026-08-16T22:07:24
3120,2,De Haas,,ok,9187200,0,0,18,2026-08-16T22:07:24
3123,2,Marcos Alonso,,ok,29194974,0,0,6,2026-08-16T22:07:24
3132,2,J. Berrocal,,ok,1610901,0,0,9,2026-08-16T22:07:24
3134,2,Saba Sazonov,,ok,1224989,-1,-1,9,2026-08-16T22:07:24
3138,2,Sangante,,ok,8738243,5,5,17,2026-08-16T22:07:24
3139,2,Pedro Felipe,,ok,2582308,2,2,49,2026-08-16T22:07:24
3142,2,Angeliño,,ok,15410370,0,0,26,2026-08-16T22:07:24
3146,2,Kumbulla,,doubtful,5583714,0,0,14,2026-08-16T22:07:24
3149,2,Bright Ede,,ok,2800889,0,0,26,2026-08-16T22:07:24
3150,2,Mojica,,suspended,11722060,0,0,9,2026-08-16T22:07:24
3155,2,Grimaldo,,ok,46720146,0,0,2,2026-08-16T22:07:24
3156,2,Valentini,,suspended,1219733,0,0,21,2026-08-16T22:07:24
3157,2,Pelayo,,ok,1021007,1,1,14,2026-08-16T22:07:24
3158,2,Diarra,,ok,1120370,0,0,21,2026-08-16T22:07:24
3159,2,Novoa,,ok,921642,0,0,21,2026-08-16T22:07:24
92,3,Vesga,45,out_of_league,1566041,0,0,3,2026-08-16T22:07:24
270,3,Guevara,64,ok,1111411,1,1,21,2026-08-16T22:07:24
581,3,Rioja,191,injured,12229053,0,0,18,2026-08-16T22:07:24
637,3,Moncayola,159,ok,6856268,0,0,13,2026-08-16T22:07:24
652,3,Rubén García,174,ok,13858194,0,0,13,2026-08-16T22:07:24
680,3,Moi Gómez,104,ok,1996547,0,0,13,2026-08-16T22:07:24
701,3,Barrenetxea,150,ok,32862621,0,0,16,2026-08-16T22:07:24
856,3,Guridi,68,ok,4848535,9,9,17,2026-08-16T22:07:24
873,3,Torró,101,ok,2466986,0,0,13,2026-08-16T22:07:24
1029,3,Álvaro García,158,ok,18211353,8,8,14,2026-08-16T22:07:24
1031,3,Comesaña,175,ok,34650542,-1,-1,20,2026-08-16T22:07:24
1070,3,De Galarreta,156,ok,12424943,0,0,3,2026-08-16T22:07:24
1103,3,Óscar Valentín,134,ok,3654976,5,5,14,2026-08-16T22:07:24
1197,3,Kubo,122,ok,24035618,0,0,16,2026-08-16T22:07:24
1215,3,Turrientes,93,ok,7136043,0,0,16,2026-08-16T22:07:24
1221,3,Gavi,35,ok,32111326,0,0,4,2026-08-16T22:07:24
1300,3,Camavinga,121,ok,10199838,0,0,15,2026-08-16T22:07:24
1480,3,Tchouaméni,181,ok,41544723,0,0,15,2026-08-16T22:07:24
1529,3,Almeida,91,ok,2451192,0,0,18,2026-08-16T22:07:24
1565,3,Barrios,128,ok,41747606,0,0,2,2026-08-16T22:07:24
1674,3,Arda Güler,234,ok,52651995,0,0,15,2026-08-16T22:07:24
1682,3,Altimira,93,out_of_league,1907121,0,0,5,2026-08-16T22:07:24
1694,3,Sow,146,out_of_league,8403008,0,0,17,2026-08-16T22:07:24
1715,3,Fermín,213,ok,65274794,0,0,4,2026-08-16T22:07:24
1730,3,Iker Muñoz,55,ok,1361877,0,0,13,2026-08-16T22:07:24
1754,3,Juanlu,114,out_of_league,2730959,0,0,17,2026-08-16T22:07:24
1787,3,Prados,6,ok,1425623,0,0,3,2026-08-16T22:07:24
1938,3,Pol Lozano,97,ok,2274222,0,0,8,2026-08-16T22:07:24
2040,3,Jauregizar,147,ok,28320536,0,0,3,2026-08-16T22:07:24
2078,3,Hugo Alvarez,112,ok,2978796,0,0,6,2026-08-16T22:07:24
2295,3,Febas,173,ok,24378453,0,0,6,2026-08-16T22:07:24
2317,3,Unai G.,49,out_of_league,2277228,0,0,3,2026-08-16T22:07:24
2318,3,O. Sancet,107,ok,47005338,0,0,3,2026-08-16T22:07:24
2326,3,Koke,158,ok,16231219,0,0,2,2026-08-16T22:07:24
2331,3,Carlos Martín,20,out_of_league,2218490,0,0,14,2026-08-16T22:07:24
2338,3,Aimar,121,ok,16006929,0,0,13,2026-08-16T22:07:24
2342,3,Protesoni,26,ok,2699001,0,0,21,2026-08-16T22:07:24
2347,3,Y. Santiago,20,injured,538830,0,0,7,2026-08-16T22:07:24
2348,3,M. Aguado,145,ok,3525382,0,0,7,2026-08-16T22:07:24
2358,3,F. De Jong,134,injured,25953214,0,0,4,2026-08-16T22:07:24
2362,3,M. Casadó,67,ok,1715638,0,0,4,2026-08-16T22:07:24
2372,3,Herrera,18,ok,3056483,0,0,16,2026-08-16T22:07:24
2383,3,Pathé I. Ciss,137,ok,12033660,5,5,14,2026-08-16T22:07:24
2384,3,Unai Lopez,135,ok,5910604,4,4,14,2026-08-16T22:07:24
2385,3,Pedro Díaz,98,ok,1761250,4,4,14,2026-08-16T22:07:24
2394,3,Williot,133,ok,8032504,0,0,6,2026-08-16T22:07:24
2395,3,Hugo Sotelo,84,out_of_league,1382803,0,0,6,2026-08-16T22:07:24
2417,3,Lo Celso,119,doubtful,36748891,0,0,5,2026-08-16T22:07:24
2418,3,Marc Roca,126,ok,5403735,0,0,5,2026-08-16T22:07:24
2430,3,Valverde,249,ok,69031659,0,0,15,2026-08-16T22:07:24
2431,3,Brahim,142,ok,10669469,0,0,15,2026-08-16T22:07:24
2444,3,Sucic,80,ok,3538310,0,0,16,2026-08-16T22:07:24
2445,3,Olasagasti,116,ok,4382766,0,0,11,2026-08-16T22:07:24
2446,3,Zakharyan,29,ok,1019326,0,0,16,2026-08-16T22:07:24
2452,3,Gudelj,139,out_of_league,7026665,0,0,17,2026-08-16T22:07:24
2453,3,Agoumé,133,ok,5839881,3,3,17,2026-08-16T22:07:24
2464,3,Pepelu,135,ok,7578375,0,0,18,2026-08-16T22:07:24
2465,3,Fran Pérez,98,ok,776513,0,0,14,2026-08-16T22:07:24
2473,3,Gueye,169,ok,49124222,8,8,20,2026-08-16T22:07:24
2474,3,Denis Suárez,97,ok,2492805,2,2,21,2026-08-16T22:07:24
2480,3,Johnny,47,ok,5728479,0,0,2,2026-08-16T22:07:24
2490,3,Brais Méndez,138,out_of_league,15055894,0,0,16,2026-08-16T22:07:24
2499,3,Vencedor,38,out_of_league,2208253,0,0,11,2026-08-16T22:07:24
2511,3,R. Terrats,87,ok,3002602,2,2,9,2026-08-16T22:07:24
2516,3,Puado,42,injured,6279004,0,0,8,2026-08-16T22:07:24
2529,3,Rubén S.,68,ok,457936,0,0,8,2026-08-16T22:07:24
2534,3,Álex Baena,133,ok,53098589,0,0,2,2026-08-16T22:07:24
2536,3,Gumbau,86,out_of_league,2308659,0,0,14,2026-08-16T22:07:24
2548,3,Riquelme,66,ok,4089871,0,0,5,2026-08-16T22:07:24
2549,3,Navarro,125,ok,2130868,0,0,3,2026-08-16T22:07:24
2553,3,Almada,114,out_of_league,5800439,0,0,2,2026-08-16T22:07:24
2556,3,Buchanan,149,ok,18271700,2,2,20,2026-08-16T22:07:24
2563,3,A. Roca,22,out_of_league,492679,0,0,8,2026-08-16T22:07:24
2564,3,Aleñá,127,ok,3880816,2,2,21,2026-08-16T22:07:24
2569,3,Ibañez,130,ok,3288806,5,5,21,2026-08-16T22:07:24
2575,3,Thomas Partey,68,out_of_league,8030584,0,0,20,2026-08-16T22:07:24
2586,3,Santamaría,58,out_of_league,2927468,0,0,18,2026-08-16T22:07:24
2587,3,Josan,75,ok,1098538,0,0,7,2026-08-16T22:07:24
2601,3,Martim Neto,125,ok,1643001,0,0,7,2026-08-16T22:07:24
2607,3,Ilaix Moriba,137,ok,10086454,0,0,6,2026-08-16T22:07:24
2612,3,Ugrinic,114,ok,3834226,0,0,18,2026-08-16T22:07:24
2616,3,C. Alvarez,113,ok,19742709,0,0,11,2026-08-16T22:07:24
2620,3,Calebe,52,out_of_league,1305021,0,0,21,2026-08-16T22:07:24
2621,3,Gorrotxa,117,doubtful,6221614,0,0,16,2026-08-16T22:07:24
2622,3,Urko,114,ok,4750677,1,1,8,2026-08-16T22:07:24
2626,3,Deossa,54,ok,2110419,0,0,5,2026-08-16T22:07:24
2628,3,O. Rey,61,ok,725882,1,1,11,2026-08-16T22:07:24
2639,3,M. Román,92,ok,5445514,0,0,6,2026-08-16T22:07:24
2640,3,Mario Martín,90,ok,3905966,4,4,9,2026-08-16T22:07:24
2649,3,Guille Fernández,0,out_of_league,702705,0,0,4,2026-08-16T22:07:24
2662,3,Risco,0,out_of_league,702705,0,0,9,2026-08-16T22:07:24
2665,3,Marín,74,injured,1552185,0,0,16,2026-08-16T22:07:24
2672,3,Pampin,22,out_of_league,702624,0,0,11,2026-08-16T22:07:24
2679,3,Becerra,5,out_of_league,581700,0,0,14,2026-08-16T22:07:24
2682,3,Januzaj,24,out_of_league,2810664,0,0,17,2026-08-16T22:07:24
2687,3,Manu Bueno,15,out_of_league,802099,2,2,17,2026-08-16T22:07:24
2703,3,Redondo,18,ok,868568,0,0,7,2026-08-16T22:07:24
2704,3,L. Pinillos,1,out_of_league,501929,0,0,21,2026-08-16T22:07:24
2710,3,D. Pérez,2,out_of_league,702622,0,0,5,2026-08-16T22:07:24
2717,3,R. Mendoza,73,ok,849222,0,0,2,2026-08-16T22:07:24
2721,3,A. Osambela,37,out_of_league,501932,0,0,13,2026-08-16T22:07:24
2723,3,Mauro,0,out_of_league,562286,0,0,13,2026-08-16T22:07:24
2733,3,Jano,4,out_of_league,501929,0,0,2,2026-08-16T22:07:24
2735,3,Thiago Pitarch,41,out_of_league,7026082,0,0,15,2026-08-16T22:07:24
2739,3,Iván,1,out_of_league,602248,0,0,5,2026-08-16T22:07:24
2743,3,Joan Ruiz,0,out_of_league,602249,0,0,11,2026-08-16T22:07:24
2745,3,Edu Altozano,0,out_of_league,602284,0,0,17,2026-08-16T22:07:24
2760,3,Pickel,47,out_of_league,1505622,0,0,8,2026-08-16T22:07:24
2766,3,Arriaga,118,ok,2543981,0,0,11,2026-08-16T22:07:24
2772,3,C. Soler,175,ok,31955581,0,0,16,2026-08-16T22:07:24
2773,3,Mendy,86,out_of_league,2409140,0,0,17,2026-08-16T22:07:24
2775,3,Javi Muñoz,37,ok,617177,0,0,9,2026-08-16T22:07:24
2782,3,Nico Gonzalez,122,out_of_league,15057942,0,0,2,2026-08-16T22:07:24
2784,3,Marc Bernal,79,ok,7147163,0,0,4,2026-08-16T22:07:24
2786,3,Jordán,3,out_of_league,562079,0,0,17,2026-08-16T22:07:24
2796,3,Lucas Núñez,0,out_of_league,501909,0,0,18,2026-08-16T22:07:24
2797,3,Hugo Lopez,3,out_of_league,485400,0,0,20,2026-08-16T22:07:24
2799,3,Amrabat,65,out_of_league,20074982,0,0,5,2026-08-16T22:07:24
2802,3,Lucas Beltrán,90,out_of_league,9034408,0,0,18,2026-08-16T22:07:24
2810,3,Taufik Seidu,,out_of_league,602316,0,0,2,2026-08-16T22:07:24
2812,3,Javi Serrano,0,out_of_league,429199,0,0,2,2026-08-16T22:07:24
2815,3,Adam B.,19,out_of_league,702711,0,0,7,2026-08-16T22:07:24
2816,3,A. Martinez,,out_of_league,602324,0,0,7,2026-08-16T22:07:24
2830,3,Pedroarena,,out_of_league,602319,0,0,13,2026-08-16T22:07:24
2840,3,Barry,,out_of_league,602292,0,0,20,2026-08-16T22:07:24
2842,3,Juan Hernández,0,out_of_league,581760,0,0,4,2026-08-16T22:07:24
2845,3,Selton,15,out_of_league,602257,0,0,3,2026-08-16T22:07:24
2850,3,H. González,2,ok,1378212,0,0,6,2026-08-16T22:07:24
2859,3,Roson,,out_of_league,602249,0,0,11,2026-08-16T22:07:24
2862,3,Alex Marchal,,out_of_league,602234,0,0,16,2026-08-16T22:07:24
2868,3,Carlos Macià,6,out_of_league,803057,3,3,20,2026-08-16T22:07:24
2871,3,Jon Garcia,,out_of_league,702705,0,0,13,2026-08-16T22:07:24
2878,3,Eder García,2,out_of_league,602257,0,0,3,2026-08-16T22:07:24
2884,3,A. Arcos,,out_of_league,602257,0,0,6,2026-08-16T22:07:24
2886,3,Izei,,out_of_league,582010,0,0,21,2026-08-16T22:07:24
2888,3,Cestero,2,out_of_league,602234,0,0,15,2026-08-16T22:07:24
2891,3,Solozabal,0,out_of_league,602319,0,0,9,2026-08-16T22:07:24
2893,3,Ferri,0,out_of_league,602248,0,0,8,2026-08-16T22:07:24
2899,3,Astiazaran,,out_of_league,602257,0,0,16,2026-08-16T22:07:24
2900,3,Aguirre,1,out_of_league,602257,0,0,16,2026-08-16T22:07:24
2902,3,Diatta,4,ok,552258,0,0,20,2026-08-16T22:07:24
2903,3,J. Gaitán,,out_of_league,602292,0,0,20,2026-08-16T22:07:24
2905,3,K. Tunde,53,out_of_league,8531892,0,0,11,2026-08-16T22:07:24
2907,3,Manuel Ángel,5,out_of_league,702606,0,0,15,2026-08-16T22:07:24
2908,3,Palacios,8,out_of_league,802979,0,0,15,2026-08-16T22:07:24
2911,3,Raghouber,46,out_of_league,2406299,0,0,11,2026-08-16T22:07:24
2913,3,Burcio,0,out_of_league,602257,0,0,6,2026-08-16T22:07:24
2915,3,Álex Sánchez,6,out_of_league,602324,0,0,7,2026-08-16T22:07:24
2917,3,Meso,0,out_of_league,702606,0,0,15,2026-08-16T22:07:24
2918,3,Pol Fortuny,,out_of_league,602234,0,0,15,2026-08-16T22:07:24
2919,3,Mestanza,,out_of_league,601574,0,0,9,2026-08-16T22:07:24
2920,3,A. Riquelme,0,out_of_league,602324,0,0,9,2026-08-16T22:07:24
2929,3,Fer López,71,out_of_league,15056479,0,0,6,2026-08-16T22:07:24
2939,3,G. Villar,42,out_of_league,7027127,0,0,7,2026-08-16T22:07:24
2940,3,Fidalgo,37,ok,2649407,0,0,5,2026-08-16T22:07:24
2944,3,Obed Vargas,39,ok,822703,0,0,2,2026-08-16T22:07:24
2945,3,Vecino,11,ok,1986837,0,0,6,2026-08-16T22:07:24
2954,3,Antañón,1,out_of_league,581700,0,0,6,2026-08-16T22:07:24
2955,3,Ochieng,3,out_of_league,702633,0,0,16,2026-08-16T22:07:24
2958,3,Morcillo,7,out_of_league,702702,0,0,2,2026-08-16T22:07:24
2964,3,Gragera,,out_of_league,1195313,0,0,8,2026-08-16T22:07:24
2967,3,Mané,,out_of_league,677966,0,0,26,2026-08-16T22:07:24
2969,3,Fabi,,out_of_league,702633,0,0,26,2026-08-16T22:07:24
2970,3,Nájera,,out_of_league,581622,0,0,26,2026-08-16T22:07:24
2974,3,Noé,,out_of_league,702633,0,0,26,2026-08-16T22:07:24
2977,3,Riki,,ok,1002760,0,0,26,2026-08-16T22:07:24
2981,3,Enrique,,out_of_league,581700,0,0,26,2026-08-16T22:07:24
2984,3,Rubén López,,out_of_league,501880,0,0,26,2026-08-16T22:07:24
2991,3,D. Villares,,ok,2490703,0,0,26,2026-08-16T22:07:24
2992,3,Jose Angel,,ok,1003320,0,0,26,2026-08-16T22:07:24
2993,3,Diego Gómez,,out_of_league,702633,0,0,26,2026-08-16T22:07:24
2994,3,Mella,,ok,3387499,0,0,26,2026-08-16T22:07:24
2995,3,Mario Soriano,,ok,26476382,0,0,26,2026-08-16T22:07:24
2998,3,Patiño,,ok,507500,0,0,26,2026-08-16T22:07:24
3003,3,Aldasoro,,out_of_league,607842,0,0,49,2026-08-16T22:07:24
3012,3,Maguette,,ok,4088223,2,2,49,2026-08-16T22:07:24
3014,3,Diego Fuentes,,out_of_league,903351,0,0,49,2026-08-16T22:07:24
3015,3,A. Vallecillo,,out_of_league,677940,0,0,49,2026-08-16T22:07:24
3024,3,Sergio,,out_of_league,702606,9,9,49,2026-08-16T22:07:24
3028,3,G. Puerta,,ok,12808655,5,5,49,2026-08-16T22:07:24
3032,3,Izan,,out_of_league,702606,0,0,49,2026-08-16T22:07:24
3033,3,M. Solorzano,,out_of_league,602234,0,0,49,2026-08-16T22:07:24
3035,3,Izan M.,,ok,6331579,0,0,12,2026-08-16T22:07:24
3036,3,Dani Lorenzo,,ok,9716466,0,0,12,2026-08-16T22:07:24
3038,3,Rafa R.,,out_of_league,6270426,0,0,12,2026-08-16T22:07:24
3044,3,Dotor,,injured,3548785,0,0,12,2026-08-16T22:07:24
3046,3,Aaron Ochoa,,out_of_league,3513040,0,0,12,2026-08-16T22:07:24
3048,3,Ramon,,ok,820236,0,0,12,2026-08-16T22:07:24
3052,3,Darko,,out_of_league,1003725,0,0,12,2026-08-16T22:07:24
3056,3,Juanpe,,out_of_league,581931,0,0,12,2026-08-16T22:07:24
3060,3,Luismi,,out_of_league,401489,0,0,12,2026-08-16T22:07:24
3066,3,Dorrio O.,,out_of_league,400000,0,0,12,2026-08-16T22:07:24
3069,3,Blanco,,ok,14970656,4,4,21,2026-08-16T22:07:24
3072,3,Larrubia,,ok,53552819,0,0,12,2026-08-16T22:07:24
3074,3,Germán V.,,ok,23302377,0,0,7,2026-08-16T22:07:24
3075,3,Javi Guerra,,ok,24183434,0,0,18,2026-08-16T22:07:24
3077,3,Edu Expósito,,ok,29422533,0,0,8,2026-08-16T22:07:24
3086,3,Moleiro,,ok,67400520,6,6,20,2026-08-16T22:07:24
3090,3,Isco,,ok,54899202,0,0,5,2026-08-16T22:07:24
3092,3,Olmo,,ok,62376614,0,0,4,2026-08-16T22:07:24
3099,3,Fornals,,ok,57625840,0,0,5,2026-08-16T22:07:24
3100,3,Pedri,,ok,88567616,0,0,4,2026-08-16T22:07:24
3101,3,Bellingham,,ok,88904293,0,0,15,2026-08-16T22:07:24
3114,3,Hjulmand,,ok,36575212,0,0,2,2026-08-16T22:07:24
3116,3,Bernardo Silva,,ok,54626441,0,0,15,2026-08-16T22:07:24
3119,3,Amatucci,,ok,13028381,0,0,26,2026-08-16T22:07:24
3121,3,Dieng,,ok,4596041,0,0,18,2026-08-16T22:07:24
3124,3,Damián ,,out_of_league,1300000,0,0,6,2026-08-16T22:07:24
3125,3,Canales,,ok,23589445,4,4,49,2026-08-16T22:07:24
3127,3,Moscardo,,ok,9249675,0,0,8,2026-08-16T22:07:24
3128,3,Guido Rodríguez,,ok,25562022,0,0,18,2026-08-16T22:07:24
3133,3,Orel Mangala,,ok,10834354,4,4,9,2026-08-16T22:07:24
3135,3,Andres Garcia,,ok,8961060,2,2,9,2026-08-16T22:07:24
3136,3,Neyou,,ok,3034256,0,0,9,2026-08-16T22:07:24
3140,3,Juan Cruz,,ok,15569632,0,0,12,2026-08-16T22:07:24
3144,3,Mikel Rodriguez,,ok,820959,9,9,21,2026-08-16T22:07:24
3148,3,Asp Jensen,,ok,6348019,0,0,26,2026-08-16T22:07:24
3151,3,Buonanotte,,ok,6949833,0,0,7,2026-08-16T22:07:24
91,4,Iñaki Williams,132,ok,27360660,0,0,3,2026-08-16T22:07:24
356,4,Gerard,140,ok,27943029,5,5,20,2026-08-16T22:07:24
886,4,De Frutos,197,ok,45879388,3,3,14,2026-08-16T22:07:24
927,4,Berenguer,148,ok,8930593,0,0,3,2026-08-16T22:07:24
1191,4,Hugo Duro,134,ok,8480116,0,0,18,2026-08-16T22:07:24
1210,4,Giuliano,170,ok,43571509,0,0,2,2026-08-16T22:07:24
1260,4,Diego López,121,injured,2075073,0,0,18,2026-08-16T22:07:24
1484,4,Guruzeta,165,ok,13787783,0,0,3,2026-08-16T22:07:24
1950,4,Jofre,65,ok,1109224,0,0,8,2026-08-16T22:07:24
2217,4,Cucho,188,ok,44416290,0,0,5,2026-08-16T22:07:24
2302,4,R. Brugué,53,suspended,2190480,0,0,11,2026-08-16T22:07:24
2303,4,I. Romero,144,ok,7364066,0,0,11,2026-08-16T22:07:24
2319,4,Maroan,20,ok,421034,0,0,3,2026-08-16T22:07:24
2332,4,Sorloth,157,injured,22659719,0,0,2,2026-08-16T22:07:24
2337,4,Kike Barja,72,ok,2513360,0,0,13,2026-08-16T22:07:24
2339,4,Raúl,118,ok,1845674,0,0,13,2026-08-16T22:07:24
2359,4,Ferran,208,ok,55168717,0,0,4,2026-08-16T22:07:24
2382,4,Isi,139,ok,19317166,3,3,14,2026-08-16T22:07:24
2386,4,Nteka,41,ok,1256338,2,2,14,2026-08-16T22:07:24
2387,4,Camello,91,ok,3109992,2,2,14,2026-08-16T22:07:24
2396,4,Franco Cervi,0,out_of_league,2810540,0,0,6,2026-08-16T22:07:24
2397,4,Pablo Durán,98,doubtful,1019795,0,0,6,2026-08-16T22:07:24
2400,4,Pere Milla,146,ok,9566323,0,0,8,2026-08-16T22:07:24
2419,4,Aitor Ruibal,128,injured,2278452,0,0,5,2026-08-16T22:07:24
2420,4,Bakambu,54,out_of_league,4215745,0,0,5,2026-08-16T22:07:24
2421,4,Chimy Ávila,37,out_of_league,5614701,0,0,5,2026-08-16T22:07:24
2434,4,Rodrygo,92,injured,2972801,0,0,15,2026-08-16T22:07:24
2448,4,Oskarsson,85,ok,7711925,0,0,16,2026-08-16T22:07:24
2454,4,Ejuke,109,ok,2706102,1,1,17,2026-08-16T22:07:24
2455,4,Peque,72,ok,1796418,9,9,17,2026-08-16T22:07:24
2456,4,Isaac,86,ok,6509025,0,0,17,2026-08-16T22:07:24
2477,4,I. Akhomach,62,ok,5122165,2,2,20,2026-08-16T22:07:24
2488,4,B. Mayoral,71,ok,2965368,0,0,9,2026-08-16T22:07:24
2492,4,Iago Aspas,141,ok,7158101,0,0,6,2026-08-16T22:07:24
2501,4,Nico Serrano,45,ok,880845,0,0,3,2026-08-16T22:07:24
2504,4,Ayoze,102,ok,17352024,1,1,20,2026-08-16T22:07:24
2509,4,Kike García,138,injured,3509051,0,0,8,2026-08-16T22:07:24
2520,4,Roberto,151,ok,7128806,4,4,8,2026-08-16T22:07:24
2522,4,Raphinha,179,ok,84888364,0,0,4,2026-08-16T22:07:24
2557,4,I. Benito,20,ok,537305,0,0,13,2026-08-16T22:07:24
2560,4,Raba,33,ok,1584046,0,0,18,2026-08-16T22:07:24
2574,4,Gonzalo,99,out_of_league,3832043,0,0,15,2026-08-16T22:07:24
2577,4,A. Rebbach,113,ok,3689064,4,4,21,2026-08-16T22:07:24
2588,4,Danjuma,126,ok,5200454,0,0,18,2026-08-16T22:07:24
2600,4,Mariano,18,ok,938687,17,17,21,2026-08-16T22:07:24
2602,4,Álvaro,154,out_of_league,10283491,0,0,7,2026-08-16T22:07:24
2603,4,Ferran Jutglà,142,ok,9506551,0,0,6,2026-08-16T22:07:24
2617,4,Sadiq,94,ok,6807226,0,0,18,2026-08-16T22:07:24
2619,4,Karrikaburu,11,ok,562143,0,0,16,2026-08-16T22:07:24
2623,4,Dolan,152,ok,6005273,0,0,8,2026-08-16T22:07:24
2635,4,Rashford,186,out_of_league,53706955,0,0,4,2026-08-16T22:07:24
2641,4,A. Liso,83,out_of_league,2208509,0,0,9,2026-08-16T22:07:24
2646,4,Izeta,24,out_of_league,1060915,0,0,3,2026-08-16T22:07:24
2650,4,Toni Fernández,2,out_of_league,602319,0,0,4,2026-08-16T22:07:24
2651,4,Iker Losada,77,out_of_league,2509378,0,0,11,2026-08-16T22:07:24
2654,4,El-Abdellaoui,55,out_of_league,1304893,0,0,6,2026-08-16T22:07:24
2664,4,Joselu,3,out_of_league,602319,0,0,9,2026-08-16T22:07:24
2673,4,Paco Cortes,34,out_of_league,803000,0,0,11,2026-08-16T22:07:24
2674,4,A. J. Morales,53,out_of_league,3212005,0,0,11,2026-08-16T22:07:24
2693,4,Otorbi,0,out_of_league,602292,0,0,18,2026-08-16T22:07:24
2700,4,Etta Eyong,133,ok,25699219,0,0,11,2026-08-16T22:07:24
2701,4,Cabanes,2,out_of_league,602292,0,0,20,2026-08-16T22:07:24
2702,4,Rafa Mir,121,out_of_league,7027127,0,0,7,2026-08-16T22:07:24
2708,4,André Silva,145,out_of_league,12046505,0,0,7,2026-08-16T22:07:24
2712,4,Pablo García,33,out_of_league,2509371,0,0,5,2026-08-16T22:07:24
2718,4,F. Mastantuono,78,out_of_league,10037262,0,0,15,2026-08-16T22:07:24
2746,4,Miguel Sierra,9,out_of_league,602284,7,7,17,2026-08-16T22:07:24
2748,4,Aimar Blázquez,0,out_of_league,581656,0,0,18,2026-08-16T22:07:24
2754,4,Alfon,58,doubtful,5976065,0,0,17,2026-08-16T22:07:24
2756,4,Ramazani,114,out_of_league,16061171,0,0,18,2026-08-16T22:07:24
2761,4,Oluwaseyi,80,ok,2741774,0,0,20,2026-08-16T22:07:24
2768,4,Lucas Boyé,152,injured,11994121,0,0,21,2026-08-16T22:07:24
2770,4,Antony,206,ok,58748446,0,0,5,2026-08-16T22:07:24
2771,4,Mikautadze,207,ok,62789547,9,9,20,2026-08-16T22:07:24
2778,4,Álex Sancris,40,ok,622831,0,0,9,2026-08-16T22:07:24
2779,4,Juanmi,18,injured,573342,0,0,9,2026-08-16T22:07:24
2780,4,Grady Diangana,48,injured,1163734,0,0,7,2026-08-16T22:07:24
2788,4,Alex Costa,0,out_of_league,602284,0,0,17,2026-08-16T22:07:24
2798,4,Alemâo,78,ok,3659334,0,0,14,2026-08-16T22:07:24
2801,4,Alexis Sánchez,96,out_of_league,3860920,0,0,17,2026-08-16T22:07:24
2803,4,Kamara,21,out_of_league,2409281,0,0,9,2026-08-16T22:07:24
2808,4,Bardghji,72,injured,2906833,0,0,4,2026-08-16T22:07:24
2813,4,Rayane,5,out_of_league,678006,0,0,2,2026-08-16T22:07:24
2821,4,Mykyta,0,out_of_league,602319,0,0,9,2026-08-16T22:07:24
2828,4,Adrián,,out_of_league,602257,0,0,3,2026-08-16T22:07:24
2829,4,Ibon Sánchez,,out_of_league,501880,0,0,3,2026-08-16T22:07:24
2832,4,Morcillo,1,out_of_league,581757,0,0,21,2026-08-16T22:07:24
2847,4,R. Arroyo,,out_of_league,602319,0,0,13,2026-08-16T22:07:24
2849,4,Óscar Marcos,,out_of_league,602257,0,0,6,2026-08-16T22:07:24
2853,4,Nordin Al-Lal,,out_of_league,501936,0,0,7,2026-08-16T22:07:24
2865,4,Gorka Carrera,2,out_of_league,702633,0,0,16,2026-08-16T22:07:24
2875,4,Mariezkurrena,,out_of_league,677966,0,0,16,2026-08-16T22:07:24
2879,4,Asier Hierro,2,out_of_league,602257,0,0,3,2026-08-16T22:07:24
2880,4,Bujan,,out_of_league,602316,0,0,3,2026-08-16T22:07:24
2887,4,Mañas,15,ok,535627,2,2,21,2026-08-16T22:07:24
2922,4,Osorio,,out_of_league,1405425,0,0,7,2026-08-16T22:07:24
2923,4,Raúl Moro,52,ok,13540658,0,0,13,2026-08-16T22:07:24
2925,4,Luis Vázquez,78,out_of_league,9034879,0,0,9,2026-08-16T22:07:24
2932,4,Ángel Pérez,80,ok,6598219,5,5,21,2026-08-16T22:07:24
2933,4,Cepeda,32,ok,1083351,0,0,7,2026-08-16T22:07:24
2937,4,Ngonge,34,out_of_league,2007497,0,0,8,2026-08-16T22:07:24
2941,4,T. Morente,56,ok,1904452,0,0,7,2026-08-16T22:07:24
2943,4,Diabate,37,out_of_league,4015452,0,0,21,2026-08-16T22:07:24
2947,4,Birma,10,out_of_league,1505812,0,0,9,2026-08-16T22:07:24
2957,4,Yañez,2,out_of_league,702606,0,0,15,2026-08-16T22:07:24
2961,4,Miguel Cubo,2,out_of_league,602316,0,0,2,2026-08-16T22:07:24
2962,4,Luismi Cruz,,ok,6004343,0,0,26,2026-08-16T22:07:24
2973,4,Nsongo Bil,,out_of_league,6524473,0,0,26,2026-08-16T22:07:24
2978,4,Cristian H.,,out_of_league,803010,0,0,26,2026-08-16T22:07:24
2980,4,Eddahchouri,,ok,1855900,0,0,26,2026-08-16T22:07:24
3002,4,Iñigo Vicente,,ok,19269684,6,6,49,2026-08-16T22:07:24
3005,4,Sangalli,,out_of_league,2509314,0,0,49,2026-08-16T22:07:24
3007,4,Arana,,ok,782536,0,0,49,2026-08-16T22:07:24
3017,4,Guliashvili,,injured,2019126,0,0,49,2026-08-16T22:07:24
3019,4,Mata,,out_of_league,1505588,0,0,49,2026-08-16T22:07:24
3022,4,Villalibre,,ok,7249976,1,1,49,2026-08-16T22:07:24
3023,4,Canales,,out_of_league,10037262,0,0,49,2026-08-16T22:07:24
3025,4,S. Franco,,out_of_league,702606,0,0,49,2026-08-16T22:07:24
3031,4,Diego Diaz,,out_of_league,602234,1,1,49,2026-08-16T22:07:24
3034,4,Joaquín,,ok,6704555,0,0,12,2026-08-16T22:07:24
3045,4,Niño,,injured,2485055,0,0,12,2026-08-16T22:07:24
3049,4,Lobete,,ok,774568,0,0,12,2026-08-16T22:07:24
3050,4,Jauregi,,ok,1306593,0,0,12,2026-08-16T22:07:24
3055,4,Haitam,,ok,418777,0,0,12,2026-08-16T22:07:24
3070,4,Chupe,,ok,50669666,0,0,12,2026-08-16T22:07:24
3071,4,B. Iglesias,,ok,26847444,0,0,6,2026-08-16T22:07:24
3073,4,Andrés Martín,,ok,19005850,8,8,49,2026-08-16T22:07:24
3076,4,Yeremay,,ok,50616368,0,0,26,2026-08-16T22:07:24
3078,4,T. Martínez,,ok,25050128,8,8,21,2026-08-16T22:07:24
3079,4,Lookman,,ok,76185001,0,0,2,2026-08-16T22:07:24
3083,4,Nico Williams,,ok,63595418,0,0,3,2026-08-16T22:07:24
3084,4,Budimir,,ok,50978461,0,0,13,2026-08-16T22:07:24
3085,4,Guedes,,injured,33135587,0,0,16,2026-08-16T22:07:24
3087,4,Pepe,,ok,50686818,13,13,20,2026-08-16T22:07:24
3088,4,Julián Alvarez,,ok,70546928,0,0,2,2026-08-16T22:07:24
3089,4,Ez Abde,,doubtful,44395627,0,0,5,2026-08-16T22:07:24
3091,4,Oyarzabal,,ok,62905318,0,0,16,2026-08-16T22:07:24
3102,4,Vini Jr.,,ok,107583315,0,0,15,2026-08-16T22:07:24
3103,4,Mbappé,,ok,128763909,0,0,15,2026-08-16T22:07:24
3104,4,Lamine Yamal,,ok,126122321,0,0,4,2026-08-16T22:07:24
3105,4,Cala,,ok,3979107,0,0,8,2026-08-16T22:07:24
3108,4,Aubameyang,,ok,32609500,0,0,26,2026-08-16T22:07:24
3110,4,C. Pérez,,ok,1174121,0,0,6,2026-08-16T22:07:24
3112,4,Endrick,,ok,6696239,0,0,15,2026-08-16T22:07:24
3113,4,Tenés,,injured,495557,0,0,18,2026-08-16T22:07:24
3117,4,Vargas,,ok,25880676,2,2,17,2026-08-16T22:07:24
3122,4,Djalo,,ok,1042067,0,0,3,2026-08-16T22:07:24
3126,4,Uche,,injured,20405835,0,0,9,2026-08-16T22:07:24
3129,4,Carlos Espí,,ok,8869571,0,0,15,2026-08-16T22:07:24
3131,4,Marcos,,ok,1400367,0,0,8,2026-08-16T22:07:24
3137,4,Satriano,,ok,31071263,3,3,9,2026-08-16T22:07:24
3143,4,Diomande,,ok,86823233,0,0,15,2026-08-16T22:07:24
3145,4,Robbie Ure,,ok,11891683,4,4,17,2026-08-16T22:07:24
3147,4,Fer Niño,,ok,14910826,0,0,7,2026-08-16T22:07:24
3152,4,Y. Zabiri,,ok,5589898,1,1,49,2026-08-16T22:07:24
3153,4,Miguel Rodríguez,,ok,3145243,0,0,21,2026-08-16T22:07:24
3154,4,Enes Ünal,,ok,12446259,0,0,9,2026-08-16T22:07:24
1356,5,Marcelino,122,out_of_league,8030121,0,0,20,2026-08-16T22:07:24
1481,5,Ernesto Valverde,75,out_of_league,4918256,0,0,3,2026-08-16T22:07:24
1611,5,Bordalás,82,ok,42424718,0,0,9,2026-08-16T22:07:24
1849,5,Iñigo Perez,88,ok,2302712,2,2,20,2026-08-16T22:07:24
1851,5,Claudio Giraldez,94,ok,2363662,0,0,6,2026-08-16T22:07:24
1976,5,Hansi Flick,157,ok,9690803,0,0,4,2026-08-16T22:07:24
2527,5,Simeone,117,ok,5725103,0,0,2,2026-08-16T22:07:24
2566,5,Carlos Corberán,85,ok,683941,0,0,18,2026-08-16T22:07:24
2580,5,Manuel Pellegrini,105,ok,4321145,0,0,5,2026-08-16T22:07:24
2637,5,Alessio Lisci,73,out_of_league,1806855,0,0,13,2026-08-16T22:07:24
2638,5,Manolo González,75,ok,1118204,5,5,8,2026-08-16T22:07:24
2869,5,Matarazzo,51,ok,3857007,0,0,16,2026-08-16T22:07:24
2877,5,Luís Castro,50,ok,1263917,0,0,11,2026-08-16T22:07:24
2951,5,Sánchez Flores,28,ok,854000,5,5,21,2026-08-16T22:07:24
2959,5,Luis García,15,ok,854000,5,5,17,2026-08-16T22:07:24
2986,5,Antonio Hidalgo,,ok,1629384,0,0,26,2026-08-16T22:07:24
3004,5,José Alberto,,ok,956021,2,2,49,2026-08-16T22:07:24
3053,5,Funes,,ok,1279065,0,0,12,2026-08-16T22:07:24
3093,5,Mourinho,,ok,13670173,0,0,15,2026-08-16T22:07:24
3094,5,Edin Terzic,,ok,7757987,0,0,3,2026-08-16T22:07:24
3095,5,Ramis,,ok,1433618,0,0,13,2026-08-16T22:07:24
3096,5,Martín Anselmi,,ok,1609777,0,0,7,2026-08-16T22:07:24
3097,5,Beñat,,ok,1609777,0,0,14,2026-08-16T22:07:24
