fecha,player_id,nickname,rentabilidad_7d,score_base,score
2026-07-06 00:00:00+02:00,1219,Agirrezabala,-3.441140014554899,20.19410145620013,20.19410145620013
2026-07-06 00:00:00+02:00,2005,Abel Bretones,-7.471095355550407,21.195906565852667,21.195906565852667
2026-07-06 00:00:00+02:00,2178,F. Garcés,-11.671258931340496,17.837840185428014,17.837840185428014
2026-07-06 00:00:00+02:00,2319,Maroan,-12.973778358393742,18.11877074565913,18.11877074565913
2026-07-06 00:00:00+02:00,2395,Hugo Sotelo,-14.033742040271106,22.376296743315137,22.376296743315137
2026-07-06 00:00:00+02:00,2397,Pablo Durán,-13.530602459566182,18.922397837287548,18.922397837287548
2026-07-06 00:00:00+02:00,2398,F. Calero,-3.250410066374329,19.40855250344921,19.40855250344921
2026-07-06 00:00:00+02:00,2449,Marcao,-14.969813451676307,17.83283167417604,17.83283167417604
2026-07-06 00:00:00+02:00,2465,Fran Pérez,-15.8113287427312,26.21177268110212,26.21177268110212
2026-07-06 00:00:00+02:00,2511,R. Terrats,-3.317435773037125,18.21147047295026,18.21147047295026
2026-07-06 00:00:00+02:00,2529,Rubén S.,-15.048119759816265,32.763683404230164,32.763683404230164
2026-07-06 00:00:00+02:00,2549,Navarro,-10.527725018625022,20.99993328145721,20.99993328145721
2026-07-06 00:00:00+02:00,2568,Youssef,-14.793436453692689,33.162144900121035,33.162144900121035
2026-07-06 00:00:00+02:00,2587,Josan,-2.9577359431492334,31.344304348038115,31.344304348038115
2026-07-06 00:00:00+02:00,2601,Martim Neto,-10.672143732808074,22.71773770449381,22.71773770449381
2026-07-06 00:00:00+02:00,2628,O. Rey,-16.42137244891606,18.410239436592377,18.410239436592377
2026-07-06 00:00:00+02:00,2653,Manuel Fernández,-11.707973887461067,32.385936553115386,32.385936553115386
2026-07-06 00:00:00+02:00,2717,R. Mendoza,-8.964512386496683,26.27193438031403,26.27193438031403
2026-07-06 00:00:00+02:00,2912,Julio Díaz,-11.35265326752384,21.778450227216272,21.778450227216272
2026-07-06 00:00:00+02:00,2938,Koski,-2.438584017462573,18.15399956424759,18.15399956424759
2026-07-07 00:00:00+02:00,1219,Agirrezabala,-3.441140014554899,20.155779062667698,20.155779062667698
2026-07-07 00:00:00+02:00,2005,Abel Bretones,-9.176247907431028,21.125505687456773,21.125505687456773
2026-07-07 00:00:00+02:00,2178,F. Garcés,-13.29534473655373,17.76726581587689,17.76726581587689
2026-07-07 00:00:00+02:00,2319,Maroan,-14.634427501013995,18.048120206459394,18.048120206459394
2026-07-07 00:00:00+02:00,2395,Hugo Sotelo,-15.67763423486589,22.305975504422783,22.305975504422783
2026-07-07 00:00:00+02:00,2397,Pablo Durán,-15.8035446259454,18.85192371272498,18.85192371272498
2026-07-07 00:00:00+02:00,2398,F. Calero,-3.250410066374329,19.37022457661009,19.37022457661009
2026-07-07 00:00:00+02:00,2449,Marcao,-17.16659527201363,17.762271040639856,17.762271040639856
2026-07-07 00:00:00+02:00,2465,Fran Pérez,-17.699306791471102,26.14163821503258,26.14163821503258
2026-07-07 00:00:00+02:00,2511,R. Terrats,-3.317435773037125,18.17314726005264,18.17314726005264
2026-07-07 00:00:00+02:00,2529,Rubén S.,-17.02946997436431,32.69281062782797,32.69281062782797
2026-07-07 00:00:00+02:00,2549,Navarro,-12.450310574006451,20.92956638152235,20.92956638152235
2026-07-07 00:00:00+02:00,2568,Youssef,-14.67731794896771,33.09129285330692,33.09129285330692
2026-07-07 00:00:00+02:00,2587,Josan,-2.9577359431492334,31.3059772228051,31.3059772228051
2026-07-07 00:00:00+02:00,2601,Martim Neto,-12.320816143283327,22.647460188395023,22.647460188395023
2026-07-07 00:00:00+02:00,2628,O. Rey,-18.88987014979421,18.33970083076865,18.33970083076865
2026-07-07 00:00:00+02:00,2653,Manuel Fernández,-13.116403557125874,32.31494120925561,32.31494120925561
2026-07-07 00:00:00+02:00,2717,R. Mendoza,-10.67021315454784,26.201796919040504,26.201796919040504
2026-07-07 00:00:00+02:00,2912,Julio Díaz,-12.700121035402857,18.77931596940372,18.77931596940372
2026-07-07 00:00:00+02:00,2938,Koski,-2.438584017462573,18.08849894193361,18.08849894193361
2026-07-08 00:00:00+02:00,927,Berenguer,20.33267684927621,22.526254641124133,22.526254641124133
2026-07-08 00:00:00+02:00,1070,De Galarreta,28.547602003274303,31.71729776109541,31.71729776109541
2026-07-08 00:00:00+02:00,1219,Agirrezabala,-3.441140014554899,20.12318512922849,20.12318512922849
2026-07-08 00:00:00+02:00,2294,R.P. Bigas,-1.6840868202719368,38.91482968395744,38.91482968395744
2026-07-08 00:00:00+02:00,2395,Hugo Sotelo,-15.380249799244956,19.51742198558094,19.51742198558094
2026-07-08 00:00:00+02:00,2400,Pere Milla,8.797016874715354,34.45808072589965,34.45808072589965
2026-07-08 00:00:00+02:00,2415,Llorente ,1.1788874463729049,34.72902663175953,34.72902663175953
2026-07-08 00:00:00+02:00,2465,Fran Pérez,-17.037988659639563,23.62934535732798,23.62934535732798
2026-07-08 00:00:00+02:00,2529,Rubén S.,-16.53728379090877,29.617994960525102,29.617994960525102
2026-07-08 00:00:00+02:00,2568,Youssef,-14.2141997374004,30.02795096996776,30.02795096996776
2026-07-08 00:00:00+02:00,2577,A. Rebbach,-15.018367180631012,19.97328923835682,19.97328923835682
2026-07-08 00:00:00+02:00,2587,Josan,-2.9577359431492334,31.27338803328762,31.27338803328762
2026-07-08 00:00:00+02:00,2603,Ferran Jutglà,-6.0121427581714055,35.804138143449286,35.804138143449286
2026-07-08 00:00:00+02:00,2604,Carreira,3.608188201976893,21.693796060407784,21.693796060407784
2026-07-08 00:00:00+02:00,2612,Ugrinic,-14.452544406440824,21.2359735972206,21.2359735972206
2026-07-08 00:00:00+02:00,2621,Gorrotxa,20.08811124660689,30.07431798440292,30.07431798440292
2026-07-08 00:00:00+02:00,2623,Dolan,-0.03869010968172,23.71028967359469,23.71028967359469
2026-07-08 00:00:00+02:00,2653,Manuel Fernández,-12.45490582213583,29.181548769941173,29.181548769941173
2026-07-08 00:00:00+02:00,2700,Etta Eyong,25.64519879097884,28.598689980775674,28.598689980775674
2026-07-08 00:00:00+02:00,2717,R. Mendoza,-10.99218205408534,23.302669303049854,23.302669303049854
2026-07-09 00:00:00+02:00,927,Berenguer,12.002119788010097,32.105751042498284,32.105751042498284
2026-07-09 00:00:00+02:00,1070,De Galarreta,18.46556211261657,37.62843343262358,37.62843343262358
2026-07-09 00:00:00+02:00,2005,Abel Bretones,-10.130716785606689,18.202261804300893,18.202261804300893
2026-07-09 00:00:00+02:00,2294,R.P. Bigas,-4.58647772210648,34.431939206903884,34.431939206903884
2026-07-09 00:00:00+02:00,2398,F. Calero,-3.250410066374329,19.337626754476297,19.337626754476297
2026-07-09 00:00:00+02:00,2400,Pere Milla,6.198337087298946,34.25569255754684,34.25569255754684
2026-07-09 00:00:00+02:00,2415,Llorente ,1.0607537576647084,19.076176334492388,19.076176334492388
2026-07-09 00:00:00+02:00,2443,Aramburu,16.078514604894252,17.669257693577595,17.669257693577595
2026-07-09 00:00:00+02:00,2453,Agoumé,1.1127931978807752,19.2431312752935,19.2431312752935
2026-07-09 00:00:00+02:00,2511,R. Terrats,-3.317435773037125,18.140554132884528,18.140554132884528
2026-07-09 00:00:00+02:00,2532,Ruggeri,-0.6248629058779818,18.35252587125985,18.35252587125985
2026-07-09 00:00:00+02:00,2549,Navarro,-12.66853408615314,18.3135008560692,18.3135008560692
2026-07-09 00:00:00+02:00,2601,Martim Neto,-13.70662098710674,19.808299795419696,19.808299795419696
2026-07-09 00:00:00+02:00,2603,Ferran Jutglà,-8.053851848995194,27.01373186511121,27.01373186511121
2026-07-09 00:00:00+02:00,2604,Carreira,-0.2038935345234835,20.65410947731949,20.65410947731949
2026-07-09 00:00:00+02:00,2616,C. Alvarez,28.90257047809816,29.96329941396902,29.96329941396902
2026-07-09 00:00:00+02:00,2621,Gorrotxa,7.977579556289347,41.64771593623268,41.64771593623268
2026-07-09 00:00:00+02:00,2623,Dolan,-4.142078550746892,28.016592076877966,28.016592076877966
2026-07-09 00:00:00+02:00,2700,Etta Eyong,21.619724006932937,29.43764707582817,29.43764707582817
2026-07-09 00:00:00+02:00,2938,Koski,-2.438584017462573,18.01515261318113,18.01515261318113
2026-07-10 00:00:00+02:00,927,Berenguer,3.850701026052508,40.04676473245853,40.04676473245853
2026-07-10 00:00:00+02:00,1070,De Galarreta,7.288629547644319,47.03132498862888,47.03132498862888
2026-07-10 00:00:00+02:00,1251,Carmona,-6.749467591910531,19.18709116903144,19.18709116903144
2026-07-10 00:00:00+02:00,1930,El Hilali,1.8765222582558787,20.91618916245693,20.91618916245693
2026-07-10 00:00:00+02:00,2294,R.P. Bigas,-7.249913248892501,35.8864549918438,35.8864549918438
2026-07-10 00:00:00+02:00,2324,J. M. Giménez,-6.89905349099952,20.928103727875524,20.928103727875524
2026-07-10 00:00:00+02:00,2383,Pathé I. Ciss,4.24242183256147,26.603155864629464,26.603155864629464
2026-07-10 00:00:00+02:00,2390,Starfelt,-2.3973387185260484,22.79830025023017,22.79830025023017
2026-07-10 00:00:00+02:00,2400,Pere Milla,4.1146796452697965,35.7099862812975,35.7099862812975
2026-07-10 00:00:00+02:00,2415,Llorente ,-1.279950397362226,30.171743082092952,30.171743082092952
2026-07-10 00:00:00+02:00,2443,Aramburu,11.82112545107865,27.94115806331823,27.94115806331823
2026-07-10 00:00:00+02:00,2453,Agoumé,-5.128998634554844,30.09424120020196,30.09424120020196
2026-07-10 00:00:00+02:00,2532,Ruggeri,-4.361639643063274,24.956619816917467,24.956619816917467
2026-07-10 00:00:00+02:00,2541,Á. Valles,22.65561257268053,19.245743243281115,19.245743243281115
2026-07-10 00:00:00+02:00,2603,Ferran Jutglà,-10.404263428851785,27.792777922320887,27.792777922320887
2026-07-10 00:00:00+02:00,2604,Carreira,-4.651074710716388,28.60893549095068,28.60893549095068
2026-07-10 00:00:00+02:00,2616,C. Alvarez,23.744338843417346,34.35966061594162,34.35966061594162
2026-07-10 00:00:00+02:00,2621,Gorrotxa,3.904691271259951,40.68848168690326,40.68848168690326
2026-07-10 00:00:00+02:00,2623,Dolan,-5.636769075515296,24.56446941702863,24.56446941702863
2026-07-10 00:00:00+02:00,2700,Etta Eyong,16.817473909809692,36.91072209362779,36.91072209362779
2026-07-11 00:00:00+02:00,230,Courtois,25.76809221126287,21.67247365723715,21.67247365723715
2026-07-11 00:00:00+02:00,927,Berenguer,0.3134481918608672,38.76114543993778,38.76114543993778
2026-07-11 00:00:00+02:00,1070,De Galarreta,-0.5111500103338407,47.034228722008194,47.034228722008194
2026-07-11 00:00:00+02:00,1251,Carmona,-9.254709902267203,18.854328619296293,18.854328619296293
2026-07-11 00:00:00+02:00,1930,El Hilali,1.1407490907109483,19.088167438880827,19.088167438880827
2026-07-11 00:00:00+02:00,2324,J. M. Giménez,-9.942107765098529,23.14140615688705,23.14140615688705
2026-07-11 00:00:00+02:00,2382,Isi,16.369742928709805,21.31698368027501,21.31698368027501
2026-07-11 00:00:00+02:00,2383,Pathé I. Ciss,0.7989982179737697,25.824735085832508,25.824735085832508
2026-07-11 00:00:00+02:00,2390,Starfelt,-3.8491214193941614,18.641973926178643,18.641973926178643
2026-07-11 00:00:00+02:00,2400,Pere Milla,1.9156716874288973,35.36793084368881,35.36793084368881
2026-07-11 00:00:00+02:00,2415,Llorente ,-4.150505734707402,23.150635666771024,18.73396900010436
2026-07-11 00:00:00+02:00,2443,Aramburu,12.331530699997014,28.62420616559513,28.62420616559513
2026-07-11 00:00:00+02:00,2453,Agoumé,-6.915566931770464,24.20717218645316,24.20717218645316
2026-07-11 00:00:00+02:00,2492,Iago Aspas,-7.27578345105204,23.83639954342089,23.83639954342089
2026-07-11 00:00:00+02:00,2532,Ruggeri,-6.616454111635653,24.285857986653944,24.285857986653944
2026-07-11 00:00:00+02:00,2541,Á. Valles,23.75245019390683,19.720348277164945,19.720348277164945
2026-07-11 00:00:00+02:00,2616,C. Alvarez,20.1785552112602,40.19736024131572,40.19736024131572
2026-07-11 00:00:00+02:00,2621,Gorrotxa,-0.3503735327339284,40.2084602536516,40.2084602536516
2026-07-11 00:00:00+02:00,2700,Etta Eyong,13.235511101505416,38.392272452191776,38.392272452191776
2026-07-11 00:00:00+02:00,2985,Noubi,-3.625730079469664,20.647986982971275,20.647986982971275
2026-07-12 00:00:00+02:00,68,Unai Simón,40.39348380649993,24.508729317127514,24.508729317127514
2026-07-12 00:00:00+02:00,230,Courtois,22.436608359920506,25.29532981644276,25.29532981644276
2026-07-12 00:00:00+02:00,644,Sergio Herrera,24.968954370575897,22.34706314816078,22.34706314816078
2026-07-12 00:00:00+02:00,927,Berenguer,-1.1408156834621146,31.67506848222581,31.67506848222581
2026-07-12 00:00:00+02:00,1070,De Galarreta,-3.162840481588076,46.51640489229924,42.76640489229924
2026-07-12 00:00:00+02:00,1775,Pau Cubarsí,25.08126843915757,18.26049283611717,18.26049283611717
2026-07-12 00:00:00+02:00,1930,El Hilali,0.9121033653825767,19.19927841552024,19.19927841552024
2026-07-12 00:00:00+02:00,2322,Oblak,16.352375210249377,19.05720142608293,19.05720142608293
2026-07-12 00:00:00+02:00,2382,Isi,16.790875479878995,21.41711096746244,21.41711096746244
2026-07-12 00:00:00+02:00,2383,Pathé I. Ciss,-0.6685326527747552,25.92577922458966,25.92577922458966
2026-07-12 00:00:00+02:00,2400,Pere Milla,2.6546649506824087,22.99581403754425,22.99581403754425
2026-07-12 00:00:00+02:00,2434,Rodrygo,2.516537781205718,18.54514816814777,18.54514816814777
2026-07-12 00:00:00+02:00,2443,Aramburu,14.13366196072914,29.12949033030208,29.12949033030208
2026-07-12 00:00:00+02:00,2467,Júnior R.,18.194329477861366,20.443191717479017,20.443191717479017
2026-07-12 00:00:00+02:00,2492,Iago Aspas,-9.733457435397792,22.92431972708753,22.92431972708753
2026-07-12 00:00:00+02:00,2519,A. Batalla,21.98928930795954,21.61787848156913,21.61787848156913
2026-07-12 00:00:00+02:00,2541,Á. Valles,23.68430703585256,26.806354725151085,26.806354725151085
2026-07-12 00:00:00+02:00,2616,C. Alvarez,18.39856141429036,37.92283933896478,37.92283933896478
2026-07-12 00:00:00+02:00,2621,Gorrotxa,-3.110501983710839,38.249768351826106,34.499768351826106
2026-07-12 00:00:00+02:00,2700,Etta Eyong,12.031974662222474,39.11564677010329,39.11564677010329
2026-07-13 00:00:00+02:00,68,Unai Simón,38.62247686951236,28.615596804140225,28.615596804140225
2026-07-13 00:00:00+02:00,230,Courtois,18.867624701564427,29.64970043201341,29.64970043201341
2026-07-13 00:00:00+02:00,274,Remiro,25.31265897571713,23.254853857376844,23.254853857376844
2026-07-13 00:00:00+02:00,644,Sergio Herrera,23.52533774012376,24.926858748277954,24.926858748277954
2026-07-13 00:00:00+02:00,927,Berenguer,-2.644391908844192,29.495735587081946,26.145735587081944
2026-07-13 00:00:00+02:00,1070,De Galarreta,-3.7816284321733633,38.922906082115546,32.22290608211554
2026-07-13 00:00:00+02:00,1775,Pau Cubarsí,23.805065412476942,20.320498076128672,20.320498076128672
2026-07-13 00:00:00+02:00,2322,Oblak,15.131216851733454,20.87403137992395,20.87403137992395
2026-07-13 00:00:00+02:00,2355,Kounde,18.694249348960028,21.36980136729812,21.36980136729812
2026-07-13 00:00:00+02:00,2382,Isi,17.870881440063773,21.676616504043647,21.676616504043647
2026-07-13 00:00:00+02:00,2400,Pere Milla,1.8911046774182825,28.46356110119976,28.46356110119976
2026-07-13 00:00:00+02:00,2443,Aramburu,15.394614430679177,28.435501366034423,28.435501366034423
2026-07-13 00:00:00+02:00,2467,Júnior R.,18.35296986186025,21.88373460867635,21.88373460867635
2026-07-13 00:00:00+02:00,2507,Dmitrovic,23.275707659820508,25.34434208376814,25.34434208376814
2026-07-13 00:00:00+02:00,2519,A. Batalla,21.17600503569911,23.000821072207174,23.000821072207174
2026-07-13 00:00:00+02:00,2541,Á. Valles,23.892288457071807,27.966490722338552,27.966490722338552
2026-07-13 00:00:00+02:00,2562,Marc Pubill,21.31611226707852,20.66734211348779,20.66734211348779
2026-07-13 00:00:00+02:00,2616,C. Alvarez,18.31575621644745,38.40167806273587,38.40167806273587
2026-07-13 00:00:00+02:00,2621,Gorrotxa,-4.412741347850976,31.927070862693228,25.22707086269323
2026-07-13 00:00:00+02:00,2700,Etta Eyong,11.339817813186375,39.01925521970385,39.01925521970385
2026-07-14 00:00:00+02:00,68,Unai Simón,39.23223046485174,33.31462926272891,33.31462926272891
2026-07-14 00:00:00+02:00,230,Courtois,16.355986118685664,31.53665892937952,31.53665892937952
2026-07-14 00:00:00+02:00,274,Remiro,25.153253122603385,25.35268696915728,25.35268696915728
2026-07-14 00:00:00+02:00,644,Sergio Herrera,23.36790722500392,26.25988089700108,26.25988089700108
2026-07-14 00:00:00+02:00,886,De Frutos,22.53155035973864,22.44576358487092,22.44576358487092
2026-07-14 00:00:00+02:00,1210,Giuliano,23.7687328139964,22.85925580834777,22.85925580834777
2026-07-14 00:00:00+02:00,1775,Pau Cubarsí,24.197668092061512,22.088236830574324,22.088236830574324
2026-07-14 00:00:00+02:00,2322,Oblak,14.27869045175203,22.214180069339942,22.214180069339942
2026-07-14 00:00:00+02:00,2355,Kounde,17.844034500916656,23.237550009488373,23.237550009488373
2026-07-14 00:00:00+02:00,2382,Isi,19.46382434545315,22.186708531805653,22.186708531805653
2026-07-14 00:00:00+02:00,2400,Pere Milla,2.828871409248904,21.870588607831174,21.870588607831174
2026-07-14 00:00:00+02:00,2443,Aramburu,16.459240373605628,28.76407456618439,28.76407456618439
2026-07-14 00:00:00+02:00,2467,Júnior R.,18.426922512335057,23.111578933686893,23.111578933686893
2026-07-14 00:00:00+02:00,2507,Dmitrovic,22.65773708843593,26.764617007346693,26.764617007346693
2026-07-14 00:00:00+02:00,2519,A. Batalla,21.151680091958383,24.82624210366256,24.82624210366256
2026-07-14 00:00:00+02:00,2541,Á. Valles,23.60710795092153,30.21621837029452,30.21621837029452
2026-07-14 00:00:00+02:00,2562,Marc Pubill,21.083832550094563,22.609332025958075,22.609332025958075
2026-07-14 00:00:00+02:00,2616,C. Alvarez,19.14358615154284,35.755249880444936,35.755249880444936
2026-07-14 00:00:00+02:00,2700,Etta Eyong,12.137759691944291,36.14833928259457,36.14833928259457
2026-07-14 00:00:00+02:00,2713,Ionut Radu,21.45901879500575,22.70754070695186,22.70754070695186
2026-07-15 00:00:00+02:00,68,Unai Simón,37.83162385451725,35.73293482692208,35.73293482692208
2026-07-15 00:00:00+02:00,230,Courtois,11.309232132553715,32.30000492360426,32.30000492360426
2026-07-15 00:00:00+02:00,274,Remiro,24.047938040493207,29.28943769420928,29.28943769420928
2026-07-15 00:00:00+02:00,644,Sergio Herrera,21.88730425540161,30.115453546966307,30.115453546966307
2026-07-15 00:00:00+02:00,886,De Frutos,19.559071839457896,23.081734355463595,23.081734355463595
2026-07-15 00:00:00+02:00,1210,Giuliano,20.321134104831952,27.39650120529858,27.39650120529858
2026-07-15 00:00:00+02:00,1775,Pau Cubarsí,20.995941758395645,27.795093684329096,27.795093684329096
2026-07-15 00:00:00+02:00,2322,Oblak,11.42256552357611,23.88345178265265,23.88345178265265
2026-07-15 00:00:00+02:00,2355,Kounde,15.349887858925548,26.49134444703793,26.49134444703793
2026-07-15 00:00:00+02:00,2382,Isi,18.43765113615389,23.11107130406441,23.11107130406441
2026-07-15 00:00:00+02:00,2434,Rodrygo,-8.28663731411401,27.340051639096547,27.340051639096547
2026-07-15 00:00:00+02:00,2443,Aramburu,16.171736322504135,26.05962600176388,26.05962600176388
2026-07-15 00:00:00+02:00,2467,Júnior R.,16.427372636667926,23.72897715060684,23.72897715060684
2026-07-15 00:00:00+02:00,2507,Dmitrovic,21.065743242313463,27.38582826301935,27.38582826301935
2026-07-15 00:00:00+02:00,2519,A. Batalla,19.336409588525942,26.013417304364573,26.013417304364573
2026-07-15 00:00:00+02:00,2541,Á. Valles,21.965950391071,33.339762054478335,33.339762054478335
2026-07-15 00:00:00+02:00,2562,Marc Pubill,19.71884782517959,23.160984590561338,23.160984590561338
2026-07-15 00:00:00+02:00,2616,C. Alvarez,15.84473789828972,41.23088173398327,41.23088173398327
2026-07-15 00:00:00+02:00,2700,Etta Eyong,11.9357318182797,26.37260008759532,26.37260008759532
2026-07-15 00:00:00+02:00,2713,Ionut Radu,19.360440767045763,24.30226553959513,24.30226553959513
2026-07-16 00:00:00+02:00,68,Unai Simón,37.27395609183766,37.424642965555456,37.424642965555456
2026-07-16 00:00:00+02:00,230,Courtois,8.622629425219024,32.73784878069702,32.73784878069702
2026-07-16 00:00:00+02:00,274,Remiro,23.09245978004502,30.54025177996633,30.54025177996633
2026-07-16 00:00:00+02:00,644,Sergio Herrera,21.458286912537137,30.61744458936253,30.61744458936253
2026-07-16 00:00:00+02:00,886,De Frutos,20.21752042831192,23.84896360754727,23.84896360754727
2026-07-16 00:00:00+02:00,1210,Giuliano,18.08079606805288,29.54794830314836,29.54794830314836
2026-07-16 00:00:00+02:00,1775,Pau Cubarsí,20.342924957148824,27.96248757446113,27.96248757446113
2026-07-16 00:00:00+02:00,2322,Oblak,10.653769881642985,23.223262140805133,23.223262140805133
2026-07-16 00:00:00+02:00,2355,Kounde,14.74312756653948,26.31735887694671,26.31735887694671
2026-07-16 00:00:00+02:00,2417,Lo Celso,21.456112405067152,23.20649949353338,23.20649949353338
2026-07-16 00:00:00+02:00,2434,Rodrygo,-11.464840167464075,26.591233780929336,26.591233780929336
2026-07-16 00:00:00+02:00,2443,Aramburu,18.958239755745225,26.2739845564934,26.2739845564934
2026-07-16 00:00:00+02:00,2467,Júnior R.,15.99971031224506,24.65681152152933,24.65681152152933
2026-07-16 00:00:00+02:00,2507,Dmitrovic,20.42255478606973,30.760330082562465,30.760330082562465
2026-07-16 00:00:00+02:00,2519,A. Batalla,18.080470550979285,29.525959650585087,29.525959650585087
2026-07-16 00:00:00+02:00,2541,Á. Valles,22.598229737932414,33.532672632163404,33.532672632163404
2026-07-16 00:00:00+02:00,2562,Marc Pubill,19.065036394424272,26.45597299378813,26.45597299378813
2026-07-16 00:00:00+02:00,2616,C. Alvarez,15.392088499418652,34.75709131578749,34.75709131578749
2026-07-16 00:00:00+02:00,2700,Etta Eyong,12.776701652405215,23.749585163192137,23.749585163192137
2026-07-16 00:00:00+02:00,2713,Ionut Radu,18.94471387411324,25.658481166789382,25.658481166789382
2026-07-17 00:00:00+02:00,68,Unai Simón,36.212866760847575,39.87496125910898,39.87496125910898
2026-07-17 00:00:00+02:00,230,Courtois,6.288933422314873,31.00546362634001,31.00546362634001
2026-07-17 00:00:00+02:00,274,Remiro,21.98258408513273,30.08022448332069,30.08022448332069
2026-07-17 00:00:00+02:00,644,Sergio Herrera,19.757593953272533,31.58819773041358,31.58819773041358
2026-07-17 00:00:00+02:00,886,De Frutos,18.888027596846523,27.628786970421043,27.628786970421043
2026-07-17 00:00:00+02:00,988,Sivera,14.905066291369597,23.24075054323445,23.24075054323445
2026-07-17 00:00:00+02:00,1210,Giuliano,16.15584745384585,30.022946192938743,30.022946192938743
2026-07-17 00:00:00+02:00,1775,Pau Cubarsí,19.160443895619427,28.91968641061971,28.91968641061971
2026-07-17 00:00:00+02:00,2318,O. Sancet,19.30102570049312,23.16610157370644,23.16610157370644
2026-07-17 00:00:00+02:00,2355,Kounde,13.38349734249159,26.84181204393357,26.84181204393357
2026-07-17 00:00:00+02:00,2417,Lo Celso,20.417246274576804,24.20317863493332,24.20317863493332
2026-07-17 00:00:00+02:00,2467,Júnior R.,15.45282180129336,24.368046124312468,24.368046124312468
2026-07-17 00:00:00+02:00,2507,Dmitrovic,19.61512726043483,31.125742332735737,31.125742332735737
2026-07-17 00:00:00+02:00,2519,A. Batalla,16.38628699953421,29.320386310388585,29.320386310388585
2026-07-17 00:00:00+02:00,2534,Álex Baena,20.252533081753228,25.93230522452338,25.93230522452338
2026-07-17 00:00:00+02:00,2541,Á. Valles,21.99881315905678,32.89583038571256,32.89583038571256
2026-07-17 00:00:00+02:00,2562,Marc Pubill,18.06298645890669,26.988143291121325,26.988143291121325
2026-07-17 00:00:00+02:00,2616,C. Alvarez,15.54292335146388,31.95927413775659,31.95927413775659
2026-07-17 00:00:00+02:00,2713,Ionut Radu,17.285290478904507,29.048569600080853,29.048569600080853
2026-07-17 00:00:00+02:00,2728,Renato Veiga,18.363667661532105,23.90261357931898,23.90261357931898
2026-07-18 00:00:00+02:00,68,Unai Simón,36.1860009542071,41.12452419537555,41.12452419537555
2026-07-18 00:00:00+02:00,230,Courtois,4.536663671181795,26.652234196366862,26.652234196366862
2026-07-18 00:00:00+02:00,274,Remiro,20.86273467852669,32.133590733481135,32.133590733481135
2026-07-18 00:00:00+02:00,644,Sergio Herrera,19.385324842211435,32.338031924232794,32.338031924232794
2026-07-18 00:00:00+02:00,886,De Frutos,19.410369122017403,28.12039271834373,28.12039271834373
2026-07-18 00:00:00+02:00,1210,Giuliano,15.97814650628266,29.3767227669326,29.3767227669326
2026-07-18 00:00:00+02:00,1775,Pau Cubarsí,18.14933432758132,28.995502278741625,28.995502278741625
2026-07-18 00:00:00+02:00,2217,Cucho,9.409353094127418,23.93607505208513,23.93607505208513
2026-07-18 00:00:00+02:00,2318,O. Sancet,19.33063359154988,27.18736861625584,27.18736861625584
2026-07-18 00:00:00+02:00,2355,Kounde,12.698115949503212,26.426982623055,26.426982623055
2026-07-18 00:00:00+02:00,2417,Lo Celso,21.52981002479202,27.10773550331302,27.10773550331302
2026-07-18 00:00:00+02:00,2467,Júnior R.,15.348089079153596,24.222341980654285,24.222341980654285
2026-07-18 00:00:00+02:00,2507,Dmitrovic,17.91961122924741,32.031723025841494,32.031723025841494
2026-07-18 00:00:00+02:00,2519,A. Batalla,16.956717641552213,29.37015151512386,29.37015151512386
2026-07-18 00:00:00+02:00,2534,Álex Baena,19.51284074383096,27.735346543467745,27.735346543467745
2026-07-18 00:00:00+02:00,2541,Á. Valles,21.90112483646713,33.28928923914525,33.28928923914525
2026-07-18 00:00:00+02:00,2562,Marc Pubill,18.122142906370424,27.45288300224493,27.45288300224493
2026-07-18 00:00:00+02:00,2616,C. Alvarez,16.13181621515542,29.483583427987234,29.483583427987234
2026-07-18 00:00:00+02:00,2713,Ionut Radu,16.13755339108712,29.72245515664905,29.72245515664905
2026-07-18 00:00:00+02:00,2728,Renato Veiga,17.53879880398501,27.137589446674028,27.137589446674028
2026-07-19 00:00:00+02:00,68,Unai Simón,35.383085288663025,41.44521271071171,41.44521271071171
2026-07-19 00:00:00+02:00,230,Courtois,3.1653883117394943,24.205889032377044,24.205889032377044
2026-07-19 00:00:00+02:00,274,Remiro,21.413778714631874,30.830021793921617,30.830021793921617
2026-07-19 00:00:00+02:00,644,Sergio Herrera,18.733100994820933,32.00152905796869,32.00152905796869
2026-07-19 00:00:00+02:00,886,De Frutos,19.01223620851366,28.98436858476387,28.98436858476387
2026-07-19 00:00:00+02:00,988,Sivera,15.15998755963475,23.752683966961538,23.752683966961538
2026-07-19 00:00:00+02:00,1210,Giuliano,14.570739114738712,28.66810724086225,28.66810724086225
2026-07-19 00:00:00+02:00,1775,Pau Cubarsí,16.674502607895416,28.74044193465775,28.74044193465775
2026-07-19 00:00:00+02:00,2318,O. Sancet,19.35464605481488,27.01543229953172,27.01543229953172
2026-07-19 00:00:00+02:00,2355,Kounde,11.319185523946013,25.5689487584026,25.5689487584026
2026-07-19 00:00:00+02:00,2417,Lo Celso,21.653603968636176,26.721024112122947,26.721024112122947
2026-07-19 00:00:00+02:00,2443,Aramburu,18.74068695897371,24.939829412239103,24.939829412239103
2026-07-19 00:00:00+02:00,2467,Júnior R.,16.094597539840493,24.093986996700146,24.093986996700146
2026-07-19 00:00:00+02:00,2507,Dmitrovic,17.99652062519637,31.31800170611819,31.31800170611819
2026-07-19 00:00:00+02:00,2519,A. Batalla,16.49218001714365,28.99464633857396,28.99464633857396
2026-07-19 00:00:00+02:00,2534,Álex Baena,18.687628090564008,27.37411202085013,27.37411202085013
2026-07-19 00:00:00+02:00,2541,Á. Valles,21.9831950843837,32.96419863991693,32.96419863991693
2026-07-19 00:00:00+02:00,2562,Marc Pubill,18.037162841519063,26.95835732606277,26.95835732606277
2026-07-19 00:00:00+02:00,2713,Ionut Radu,14.883733219755213,30.4888926271446,30.4888926271446
2026-07-19 00:00:00+02:00,2728,Renato Veiga,16.808366115545464,27.193951147978765,27.193951147978765
2026-07-20 00:00:00+02:00,68,Unai Simón,34.430195664464314,39.99090789629776,39.99090789629776
2026-07-20 00:00:00+02:00,274,Remiro,20.31029954868828,31.08526667499916,31.08526667499916
2026-07-20 00:00:00+02:00,644,Sergio Herrera,19.08534868589663,30.60041061657991,30.60041061657991
2026-07-20 00:00:00+02:00,886,De Frutos,18.847102304612665,28.495128942341704,28.495128942341704
2026-07-20 00:00:00+02:00,1210,Giuliano,12.724295657815734,29.241605413272914,29.241605413272914
2026-07-20 00:00:00+02:00,1218,Álex Balde,18.1076620307916,23.497053889331774,23.497053889331774
2026-07-20 00:00:00+02:00,1775,Pau Cubarsí,15.769392396399995,25.342657927594026,25.342657927594026
2026-07-20 00:00:00+02:00,2318,O. Sancet,19.29698674658569,26.595781255013247,26.595781255013247
2026-07-20 00:00:00+02:00,2382,Isi,6.903434881134995,23.79597594015944,23.79597594015944
2026-07-20 00:00:00+02:00,2417,Lo Celso,21.020831331063462,27.54093750908303,27.54093750908303
2026-07-20 00:00:00+02:00,2443,Aramburu,18.620701869661065,26.698318793675565,26.698318793675565
2026-07-20 00:00:00+02:00,2467,Júnior R.,15.46681086282707,24.312714518299263,24.312714518299263
2026-07-20 00:00:00+02:00,2507,Dmitrovic,17.404434948028513,31.4081338417356,31.4081338417356
2026-07-20 00:00:00+02:00,2519,A. Batalla,16.57222393302996,28.048360488612264,28.048360488612264
2026-07-20 00:00:00+02:00,2534,Álex Baena,18.07428977999126,27.588660655604446,27.588660655604446
2026-07-20 00:00:00+02:00,2541,Á. Valles,21.873259237275,32.78375486390653,32.78375486390653
2026-07-20 00:00:00+02:00,2562,Marc Pubill,18.41612766816773,25.595457234434203,25.595457234434203
2026-07-20 00:00:00+02:00,2616,C. Alvarez,18.87565475541608,25.62484994150822,25.62484994150822
2026-07-20 00:00:00+02:00,2713,Ionut Radu,14.657775311729983,29.282524139001403,29.282524139001403
2026-07-20 00:00:00+02:00,2728,Renato Veiga,15.254767255123792,27.470314021934502,27.470314021934502
2026-07-21 00:00:00+02:00,68,Unai Simón,33.40069072642732,40.23124418093983,40.23124418093983
2026-07-21 00:00:00+02:00,274,Remiro,20.88223997800302,30.354623170624496,30.354623170624496
2026-07-21 00:00:00+02:00,644,Sergio Herrera,19.7180371059534,30.058515779016176,30.058515779016176
2026-07-21 00:00:00+02:00,886,De Frutos,17.987940500121503,28.518498431084502,28.518498431084502
2026-07-21 00:00:00+02:00,1210,Giuliano,12.268069783342169,27.83226223449049,27.83226223449049
2026-07-21 00:00:00+02:00,1775,Pau Cubarsí,13.4471660583587,27.770907853656624,27.770907853656624
2026-07-21 00:00:00+02:00,2318,O. Sancet,19.74251435843941,26.85267998396945,26.85267998396945
2026-07-21 00:00:00+02:00,2382,Isi,1.9816647738585207,24.57074144632564,24.57074144632564
2026-07-21 00:00:00+02:00,2417,Lo Celso,20.90908282668236,27.828767346105536,27.828767346105536
2026-07-21 00:00:00+02:00,2443,Aramburu,19.836133758321807,26.79124421858632,26.79124421858632
2026-07-21 00:00:00+02:00,2467,Júnior R.,16.049663333799927,24.189471138843608,24.189471138843608
2026-07-21 00:00:00+02:00,2507,Dmitrovic,18.585265480793584,30.21826870947407,30.21826870947407
2026-07-21 00:00:00+02:00,2519,A. Batalla,16.960032354899273,28.11173285241729,28.11173285241729
2026-07-21 00:00:00+02:00,2534,Álex Baena,17.45123590643955,26.833933989456305,26.833933989456305
2026-07-21 00:00:00+02:00,2541,Á. Valles,22.47562032803586,32.21402452935102,32.21402452935102
2026-07-21 00:00:00+02:00,2562,Marc Pubill,18.07952440923811,25.54078692536621,25.54078692536621
2026-07-21 00:00:00+02:00,2616,C. Alvarez,18.89643206049563,25.59941352841335,25.59941352841335
2026-07-21 00:00:00+02:00,2713,Ionut Radu,14.953503436552504,29.163754294337902,29.163754294337902
2026-07-21 00:00:00+02:00,2728,Renato Veiga,14.342867133676767,27.181272777086228,27.181272777086228
2026-07-21 00:00:00+02:00,3065,Laporte,43.784442231499455,36.26379447102554,36.26379447102554
2026-07-22 00:00:00+02:00,68,Unai Simón,33.558399170751585,38.12856269867498,38.12856269867498
2026-07-22 00:00:00+02:00,274,Remiro,21.1351868857065,27.211116310898905,27.211116310898905
2026-07-22 00:00:00+02:00,644,Sergio Herrera,21.167018317364413,26.444506689049906,26.444506689049906
2026-07-22 00:00:00+02:00,886,De Frutos,18.764834179276885,23.67849709023116,23.67849709023116
2026-07-22 00:00:00+02:00,1210,Giuliano,11.743212620850636,22.97200026994708,22.97200026994708
2026-07-22 00:00:00+02:00,1218,Álex Balde,13.831873378573246,22.844340163613303,22.844340163613303
2026-07-22 00:00:00+02:00,1775,Pau Cubarsí,12.22847651200504,22.91163858830156,22.91163858830156
2026-07-22 00:00:00+02:00,2040,Jauregizar,16.07658901343702,22.375932855769,22.375932855769
2026-07-22 00:00:00+02:00,2318,O. Sancet,20.828370825915584,23.27395229981629,23.27395229981629
2026-07-22 00:00:00+02:00,2382,Isi,-2.0765495142744785,23.544450592509435,23.544450592509435
2026-07-22 00:00:00+02:00,2417,Lo Celso,20.603069381997187,24.91750579162958,24.91750579162958
2026-07-22 00:00:00+02:00,2443,Aramburu,21.53213558310874,25.686531276935742,25.686531276935742
2026-07-22 00:00:00+02:00,2507,Dmitrovic,20.401961057793653,26.492213862912404,26.492213862912404
2026-07-22 00:00:00+02:00,2519,A. Batalla,17.70146771144458,24.0705283693929,24.0705283693929
2026-07-22 00:00:00+02:00,2534,Álex Baena,16.53954181843523,23.72675351743228,23.72675351743228
2026-07-22 00:00:00+02:00,2541,Á. Valles,23.6372655785724,28.503543975504225,28.503543975504225
2026-07-22 00:00:00+02:00,2616,C. Alvarez,19.422017875336937,23.59806654654204,23.59806654654204
2026-07-22 00:00:00+02:00,2728,Renato Veiga,14.307644172813983,23.38673340669449,23.38673340669449
2026-07-22 00:00:00+02:00,3065,Laporte,42.37997173156453,39.555171854431535,39.555171854431535
2026-07-22 00:00:00+02:00,3070,Chupe,31.896388335779434,22.60716781287168,22.60716781287168
2026-07-23 00:00:00+02:00,68,Unai Simón,31.826286238427453,38.37079779111773,38.37079779111773
2026-07-23 00:00:00+02:00,274,Remiro,21.529871302895387,28.439754547945608,28.439754547945608
2026-07-23 00:00:00+02:00,644,Sergio Herrera,21.25931660263303,28.60263716434562,28.60263716434562
2026-07-23 00:00:00+02:00,886,De Frutos,18.480792955147784,26.508223312129346,26.508223312129346
2026-07-23 00:00:00+02:00,988,Sivera,17.190333658051266,23.80756144217732,23.80756144217732
2026-07-23 00:00:00+02:00,1218,Álex Balde,9.0450078231986,23.592725167181705,23.592725167181705
2026-07-23 00:00:00+02:00,1535,Chavarría,16.314141938698345,23.92527093172628,23.92527093172628
2026-07-23 00:00:00+02:00,1775,Pau Cubarsí,9.621074119928812,25.02419924204186,25.02419924204186
2026-07-23 00:00:00+02:00,2318,O. Sancet,20.861687532421744,25.543713460750027,25.543713460750027
2026-07-23 00:00:00+02:00,2417,Lo Celso,20.64982124835967,26.62022477633393,26.62022477633393
2026-07-23 00:00:00+02:00,2443,Aramburu,20.12108939751573,28.15776336464796,28.15776336464796
2026-07-23 00:00:00+02:00,2507,Dmitrovic,21.654766465701943,26.182000993383657,26.182000993383657
2026-07-23 00:00:00+02:00,2519,A. Batalla,17.979369153686047,23.403920178726267,23.403920178726267
2026-07-23 00:00:00+02:00,2534,Álex Baena,13.76813111474765,25.87314846648356,25.87314846648356
2026-07-23 00:00:00+02:00,2541,Á. Valles,25.29337764303668,30.918072177290096,30.918072177290096
2026-07-23 00:00:00+02:00,2713,Ionut Radu,15.793079920091628,24.993602451020298,24.993602451020298
2026-07-23 00:00:00+02:00,2728,Renato Veiga,12.539636157664733,25.90581022789494,25.90581022789494
2026-07-23 00:00:00+02:00,3065,Laporte,37.96942673399711,41.24407812094974,41.24407812094974
2026-07-23 00:00:00+02:00,3070,Chupe,31.064718074864363,29.639659864979635,29.639659864979635
2026-07-23 00:00:00+02:00,3076,Yeremay,36.91585931952521,24.14110861231244,24.14110861231244
2026-07-24 00:00:00+02:00,68,Unai Simón,30.506523571648795,37.21865471697736,37.21865471697736
2026-07-24 00:00:00+02:00,274,Remiro,21.693730471243576,25.32174846560217,25.32174846560217
2026-07-24 00:00:00+02:00,644,Sergio Herrera,22.47972526152464,25.279594037817905,25.279594037817905
2026-07-24 00:00:00+02:00,886,De Frutos,17.87969265062449,23.206240900536844,23.206240900536844
2026-07-24 00:00:00+02:00,1218,Álex Balde,5.210193593527129,22.52105610896568,22.52105610896568
2026-07-24 00:00:00+02:00,1535,Chavarría,15.570041562351353,22.7993960774418,22.7993960774418
2026-07-24 00:00:00+02:00,2040,Jauregizar,14.21500159599496,22.75855041176045,22.75855041176045
2026-07-24 00:00:00+02:00,2318,O. Sancet,20.63900907173029,22.402277547654823,22.402277547654823
2026-07-24 00:00:00+02:00,2417,Lo Celso,20.32078209536976,25.793999717748623,25.793999717748623
2026-07-24 00:00:00+02:00,2443,Aramburu,20.62927088345336,29.16458501829325,29.16458501829325
2026-07-24 00:00:00+02:00,2507,Dmitrovic,23.028012190594367,25.58629678147329,25.58629678147329
2026-07-24 00:00:00+02:00,2534,Álex Baena,11.421887751440124,22.672955737216046,22.672955737216046
2026-07-24 00:00:00+02:00,2541,Á. Valles,26.80751118226367,30.088405279930228,30.088405279930228
2026-07-24 00:00:00+02:00,2616,C. Alvarez,18.78970057151141,23.110175190237893,23.110175190237893
2026-07-24 00:00:00+02:00,2713,Ionut Radu,16.597696072833788,23.20174628517136,23.20174628517136
2026-07-24 00:00:00+02:00,2912,Julio Díaz,-1.5535349293614031,22.767224924064543,22.767224924064543
2026-07-24 00:00:00+02:00,3065,Laporte,35.842810769032106,39.95400721370035,39.95400721370035
2026-07-24 00:00:00+02:00,3070,Chupe,30.40615346029495,29.209976791323587,29.209976791323587
2026-07-24 00:00:00+02:00,3072,Larrubia,27.59431308497329,25.824015126940527,25.824015126940527
2026-07-24 00:00:00+02:00,3076,Yeremay,35.27177405401932,31.14390115602475,31.14390115602475
2026-07-25 00:00:00+02:00,68,Unai Simón,27.559979140956024,38.08141775307807,38.08141775307807
2026-07-25 00:00:00+02:00,274,Remiro,21.691871475856527,27.37365398746171,27.37365398746171
2026-07-25 00:00:00+02:00,644,Sergio Herrera,22.383948541948275,25.86922572151373,25.86922572151373
2026-07-25 00:00:00+02:00,886,De Frutos,16.806545141074235,24.282126194989456,24.282126194989456
2026-07-25 00:00:00+02:00,1218,Álex Balde,0.187489967744994,23.184193762453287,23.184193762453287
2026-07-25 00:00:00+02:00,1535,Chavarría,14.272651130815891,24.489324792032804,24.489324792032804
2026-07-25 00:00:00+02:00,2040,Jauregizar,13.04654312073414,23.8376138493984,23.8376138493984
2026-07-25 00:00:00+02:00,2318,O. Sancet,19.142700731016223,23.49014993553593,23.49014993553593
2026-07-25 00:00:00+02:00,2417,Lo Celso,18.389316012095914,27.313452637757976,27.313452637757976
2026-07-25 00:00:00+02:00,2443,Aramburu,21.94770562815092,26.814075554321825,26.814075554321825
2026-07-25 00:00:00+02:00,2507,Dmitrovic,24.48772590146346,25.051467464960293,25.051467464960293
2026-07-25 00:00:00+02:00,2519,A. Batalla,17.25236419341772,23.29979201955779,23.29979201955779
2026-07-25 00:00:00+02:00,2534,Álex Baena,6.971033807763313,22.910144202912388,22.910144202912388
2026-07-25 00:00:00+02:00,2541,Á. Valles,28.59986668510969,30.590467130458045,30.590467130458045
2026-07-25 00:00:00+02:00,2616,C. Alvarez,16.929082621118162,24.1308173607149,24.1308173607149
2026-07-25 00:00:00+02:00,2713,Ionut Radu,17.23440991551036,22.98566047627447,22.98566047627447
2026-07-25 00:00:00+02:00,3065,Laporte,33.021491858455015,40.03811288585126,40.03811288585126
2026-07-25 00:00:00+02:00,3070,Chupe,28.017781298899,32.62443241054369,32.62443241054369
2026-07-25 00:00:00+02:00,3072,Larrubia,27.78553622780169,27.49011418317446,27.49011418317446
2026-07-25 00:00:00+02:00,3076,Yeremay,31.92029409762072,36.191770328395386,36.191770328395386
2026-07-26 00:00:00+02:00,68,Unai Simón,25.91962782542861,37.29353139829145,37.29353139829145
2026-07-26 00:00:00+02:00,274,Remiro,21.76573619931168,27.62827305392375,27.62827305392375
2026-07-26 00:00:00+02:00,644,Sergio Herrera,23.319449538663783,24.975740149285485,24.975740149285485
2026-07-26 00:00:00+02:00,886,De Frutos,16.26681111990366,23.9651076254297,23.9651076254297
2026-07-26 00:00:00+02:00,988,Sivera,19.90409655666544,22.462770978060416,22.462770978060416
2026-07-26 00:00:00+02:00,1218,Álex Balde,-4.120371010996263,23.11915190910048,23.11915190910048
2026-07-26 00:00:00+02:00,1535,Chavarría,13.932633898588694,24.383923791586444,24.383923791586444
2026-07-26 00:00:00+02:00,2040,Jauregizar,12.685568580530388,22.77122634807305,22.77122634807305
2026-07-26 00:00:00+02:00,2318,O. Sancet,18.57966340618597,23.152878308671166,23.152878308671166
2026-07-26 00:00:00+02:00,2417,Lo Celso,17.329716709958372,27.237480287324512,27.237480287324512
2026-07-26 00:00:00+02:00,2443,Aramburu,22.53034548570333,26.045210317768223,26.045210317768223
2026-07-26 00:00:00+02:00,2467,Júnior R.,20.71103494576861,22.665078556335786,22.665078556335786
2026-07-26 00:00:00+02:00,2507,Dmitrovic,25.52180131570329,25.12681154468776,25.12681154468776
2026-07-26 00:00:00+02:00,2519,A. Batalla,17.409107835272245,22.92552392558693,22.92552392558693
2026-07-26 00:00:00+02:00,2541,Á. Valles,30.060716091283407,30.404410190123613,30.404410190123613
2026-07-26 00:00:00+02:00,2616,C. Alvarez,15.676083306500232,25.935737180273925,25.935737180273925
2026-07-26 00:00:00+02:00,3065,Laporte,29.82345446438119,39.8447638707453,39.8447638707453
2026-07-26 00:00:00+02:00,3070,Chupe,27.19780169531959,32.360574483213455,32.360574483213455
2026-07-26 00:00:00+02:00,3072,Larrubia,27.37872061140838,28.11730385958761,28.11730385958761
2026-07-26 00:00:00+02:00,3076,Yeremay,28.00687306101906,37.71961822045305,37.71961822045305
2026-07-27 00:00:00+02:00,68,Unai Simón,24.68249075635984,36.33766473288328,36.33766473288328
2026-07-27 00:00:00+02:00,274,Remiro,22.016305924627293,27.157044482513143,27.157044482513143
2026-07-27 00:00:00+02:00,644,Sergio Herrera,23.225849133555663,25.374812096065824,25.374812096065824
2026-07-27 00:00:00+02:00,886,De Frutos,15.875554949718335,23.657486624560423,23.657486624560423
2026-07-27 00:00:00+02:00,988,Sivera,20.81405605277647,22.44304976158668,22.44304976158668
2026-07-27 00:00:00+02:00,1535,Chavarría,12.977305600966766,24.5399190907884,24.5399190907884
2026-07-27 00:00:00+02:00,2040,Jauregizar,12.083060064979874,22.7636761789408,22.7636761789408
2026-07-27 00:00:00+02:00,2318,O. Sancet,17.726556681202208,23.27373400954404,23.27373400954404
2026-07-27 00:00:00+02:00,2417,Lo Celso,16.3737544033036,26.924746212256693,26.924746212256693
2026-07-27 00:00:00+02:00,2443,Aramburu,24.59860839793229,25.72877832267457,25.72877832267457
2026-07-27 00:00:00+02:00,2467,Júnior R.,21.173868280040324,22.18523631920431,22.18523631920431
2026-07-27 00:00:00+02:00,2507,Dmitrovic,26.299990025136736,24.710804155632907,24.710804155632907
2026-07-27 00:00:00+02:00,2519,A. Batalla,17.194944915418784,23.12518839440375,23.12518839440375
2026-07-27 00:00:00+02:00,2541,Á. Valles,31.7162953084386,30.36043982302382,30.36043982302382
2026-07-27 00:00:00+02:00,2616,C. Alvarez,15.054980287685996,25.33034796597164,25.33034796597164
2026-07-27 00:00:00+02:00,2700,Etta Eyong,25.408336127669884,22.95233969341891,22.95233969341891
2026-07-27 00:00:00+02:00,3065,Laporte,26.20632270635172,39.80237154225476,39.80237154225476
2026-07-27 00:00:00+02:00,3070,Chupe,26.178118362368767,32.5784637657117,32.5784637657117
2026-07-27 00:00:00+02:00,3072,Larrubia,26.02870132374836,28.938422619059548,28.938422619059548
2026-07-27 00:00:00+02:00,3076,Yeremay,25.046882478919706,37.31073903633316,37.31073903633316
2026-07-28 00:00:00+02:00,68,Unai Simón,22.345869727365205,35.42901694857832,35.42901694857832
2026-07-28 00:00:00+02:00,274,Remiro,20.816600763869204,27.654316132760687,27.654316132760687
2026-07-28 00:00:00+02:00,644,Sergio Herrera,23.040055506937453,25.621376082683582,25.621376082683582
2026-07-28 00:00:00+02:00,886,De Frutos,15.059319366739595,23.05850763946909,23.05850763946909
2026-07-28 00:00:00+02:00,988,Sivera,21.280621057024675,22.934750623260427,22.934750623260427
2026-07-28 00:00:00+02:00,1535,Chavarría,10.763525775510514,24.18791699139399,24.18791699139399
2026-07-28 00:00:00+02:00,2318,O. Sancet,16.542170892996623,23.50455898695879,23.50455898695879
2026-07-28 00:00:00+02:00,2417,Lo Celso,15.630560834186037,26.44800515485084,26.44800515485084
2026-07-28 00:00:00+02:00,2443,Aramburu,23.430419584912062,26.72659431598609,26.72659431598609
2026-07-28 00:00:00+02:00,2467,Júnior R.,20.97485657173818,22.78578410434644,22.78578410434644
2026-07-28 00:00:00+02:00,2507,Dmitrovic,26.276335737400647,25.7008373721181,25.7008373721181
2026-07-28 00:00:00+02:00,2519,A. Batalla,16.178363860242957,23.422932738393577,23.422932738393577
2026-07-28 00:00:00+02:00,2541,Á. Valles,32.03947071109619,30.81343218494148,30.81343218494148
2026-07-28 00:00:00+02:00,2616,C. Alvarez,14.906958182536645,24.858431038473835,24.858431038473835
2026-07-28 00:00:00+02:00,2700,Etta Eyong,27.09988047867522,22.879856619931964,22.879856619931964
2026-07-28 00:00:00+02:00,2713,Ionut Radu,17.23728253045577,22.765649173934094,22.765649173934094
2026-07-28 00:00:00+02:00,3065,Laporte,23.3448854064787,39.55192741430463,39.55192741430463
2026-07-28 00:00:00+02:00,3070,Chupe,25.20289566991673,32.05614466107189,32.05614466107189
2026-07-28 00:00:00+02:00,3072,Larrubia,25.43546741923741,28.855071728606465,28.855071728606465
2026-07-28 00:00:00+02:00,3076,Yeremay,21.71935347311016,37.2503974735322,37.2503974735322
2026-07-29 00:00:00+02:00,68,Unai Simón,21.215480275456656,34.67919810632739,34.67919810632739
2026-07-29 00:00:00+02:00,274,Remiro,20.51036796862495,27.112592690335404,27.112592690335404
2026-07-29 00:00:00+02:00,644,Sergio Herrera,22.8071703492904,28.36155877905973,28.36155877905973
2026-07-29 00:00:00+02:00,886,De Frutos,14.90413380605911,22.93779500937071,22.93779500937071
2026-07-29 00:00:00+02:00,988,Sivera,22.30153475741518,23.59003987872213,23.59003987872213
2026-07-29 00:00:00+02:00,1535,Chavarría,8.840378858262216,23.71938085650764,23.71938085650764
2026-07-29 00:00:00+02:00,1930,El Hilali,15.11297117775513,25.51871299177874,25.51871299177874
2026-07-29 00:00:00+02:00,2318,O. Sancet,16.185634790849953,25.707423963777487,25.707423963777487
2026-07-29 00:00:00+02:00,2417,Lo Celso,15.735422645804311,23.61414764662547,23.61414764662547
2026-07-29 00:00:00+02:00,2443,Aramburu,23.618059638385485,29.289065791144026,29.289065791144026
2026-07-29 00:00:00+02:00,2467,Júnior R.,21.222827907278045,23.0712133510264,23.0712133510264
2026-07-29 00:00:00+02:00,2507,Dmitrovic,26.164641010501168,28.43144491996265,28.43144491996265
2026-07-29 00:00:00+02:00,2519,A. Batalla,16.664756404965544,23.204301623311057,23.204301623311057
2026-07-29 00:00:00+02:00,2541,Á. Valles,33.53562573969165,31.12736141461693,31.12736141461693
2026-07-29 00:00:00+02:00,2616,C. Alvarez,15.328503095556298,24.340031025096124,24.340031025096124
2026-07-29 00:00:00+02:00,2700,Etta Eyong,28.44768089441128,23.53199241169446,23.53199241169446
2026-07-29 00:00:00+02:00,3065,Laporte,22.436231571676952,38.40540068583561,38.40540068583561
2026-07-29 00:00:00+02:00,3070,Chupe,25.04317514894191,31.71586439271044,31.71586439271044
2026-07-29 00:00:00+02:00,3072,Larrubia,24.57230027985812,29.257269421869445,29.257269421869445
2026-07-29 00:00:00+02:00,3076,Yeremay,19.34201141406671,36.279114591575336,36.279114591575336
2026-07-30 00:00:00+02:00,68,Unai Simón,18.37612556417689,33.77894793885966,33.77894793885966
2026-07-30 00:00:00+02:00,274,Remiro,18.38237928545136,27.558787899825045,27.558787899825045
2026-07-30 00:00:00+02:00,644,Sergio Herrera,21.838812335996888,28.49494173562751,28.49494173562751
2026-07-30 00:00:00+02:00,988,Sivera,21.59168048173409,24.011730352839155,24.011730352839155
2026-07-30 00:00:00+02:00,1930,El Hilali,14.670215289018104,25.95935752442169,25.95935752442169
2026-07-30 00:00:00+02:00,2318,O. Sancet,14.541172005450951,25.95265981059158,25.95265981059158
2026-07-30 00:00:00+02:00,2359,Ferran,14.15655892961428,23.891313958508704,23.891313958508704
2026-07-30 00:00:00+02:00,2417,Lo Celso,14.302789313258476,25.78246340683767,25.78246340683767
2026-07-30 00:00:00+02:00,2443,Aramburu,22.21012089252346,28.578112797098463,28.578112797098463
2026-07-30 00:00:00+02:00,2467,Júnior R.,19.271674670268908,24.510352221265144,24.510352221265144
2026-07-30 00:00:00+02:00,2507,Dmitrovic,24.456027168615915,29.590876971068084,29.590876971068084
2026-07-30 00:00:00+02:00,2519,A. Batalla,16.55587201891496,23.35407205461785,23.35407205461785
2026-07-30 00:00:00+02:00,2541,Á. Valles,32.14494911041489,32.68967287057448,32.68967287057448
2026-07-30 00:00:00+02:00,2616,C. Alvarez,14.13255143873155,24.5555871128803,24.5555871128803
2026-07-30 00:00:00+02:00,2700,Etta Eyong,26.12406637524238,27.01029486443307,27.01029486443307
2026-07-30 00:00:00+02:00,3065,Laporte,19.41003029718527,35.81838038440081,35.81838038440081
2026-07-30 00:00:00+02:00,3070,Chupe,22.613753328646,31.79152895084677,31.79152895084677
2026-07-30 00:00:00+02:00,3072,Larrubia,22.455792133667,30.150386975570523,30.150386975570523
2026-07-30 00:00:00+02:00,3076,Yeremay,16.034646340069006,35.45173038676505,35.45173038676505
2026-07-30 00:00:00+02:00,3080,Dumfries,14.823723006583222,24.92030943536376,24.92030943536376
2026-07-31 00:00:00+02:00,68,Unai Simón,15.709621524899454,32.51386065757084,32.51386065757084
2026-07-31 00:00:00+02:00,274,Remiro,17.00977040007259,26.98065687980744,26.98065687980744
2026-07-31 00:00:00+02:00,644,Sergio Herrera,20.97764233015943,29.13855956263664,29.13855956263664
2026-07-31 00:00:00+02:00,988,Sivera,22.32261442341999,23.838730961065863,23.838730961065863
2026-07-31 00:00:00+02:00,1930,El Hilali,14.522199264165511,26.10618843797165,26.10618843797165
2026-07-31 00:00:00+02:00,2318,O. Sancet,13.532118662934929,23.15315254172558,23.15315254172558
2026-07-31 00:00:00+02:00,2359,Ferran,10.502884138837066,25.623109880911525,25.623109880911525
2026-07-31 00:00:00+02:00,2417,Lo Celso,13.3661380918123,23.223963847735828,23.223963847735828
2026-07-31 00:00:00+02:00,2443,Aramburu,21.155361252005143,28.36527353365515,28.36527353365515
2026-07-31 00:00:00+02:00,2467,Júnior R.,17.737944233114824,24.383372804123223,24.383372804123223
2026-07-31 00:00:00+02:00,2507,Dmitrovic,23.08768758315729,30.2368691015562,30.2368691015562
2026-07-31 00:00:00+02:00,2541,Á. Valles,31.9971944439322,33.22125619528048,33.22125619528048
2026-07-31 00:00:00+02:00,2616,C. Alvarez,13.64999210983115,23.57541930947763,23.57541930947763
2026-07-31 00:00:00+02:00,2700,Etta Eyong,27.68015318675512,25.075504403188788,25.075504403188788
2026-07-31 00:00:00+02:00,3065,Laporte,17.28559534995589,33.94999183667108,33.94999183667108
2026-07-31 00:00:00+02:00,3070,Chupe,22.25792124599231,30.826200597732424,30.826200597732424
2026-07-31 00:00:00+02:00,3072,Larrubia,21.948608605640672,29.267916603498605,29.267916603498605
2026-07-31 00:00:00+02:00,3076,Yeremay,12.915423297574089,33.82236749650064,33.82236749650064
2026-07-31 00:00:00+02:00,3079,Lookman,20.60409581055376,24.374725202067165,24.374725202067165
2026-07-31 00:00:00+02:00,3080,Dumfries,13.139120272260998,24.48606083545728,24.48606083545728
2026-08-01 00:00:00+02:00,68,Unai Simón,13.030163198211415,30.645431499631943,30.645431499631943
2026-08-01 00:00:00+02:00,274,Remiro,14.16740419166752,27.558729293322653,27.558729293322653
2026-08-01 00:00:00+02:00,644,Sergio Herrera,19.65339930895577,29.20814380767417,29.20814380767417
2026-08-01 00:00:00+02:00,988,Sivera,22.10367516534152,24.85924899176123,24.85924899176123
2026-08-01 00:00:00+02:00,1930,El Hilali,13.801594636774494,26.51256945259711,26.51256945259711
2026-08-01 00:00:00+02:00,2005,Abel Bretones,35.1225506136179,46.051013873168685,22.98239185535304
2026-08-01 00:00:00+02:00,2359,Ferran,4.610031316367644,26.488168886058613,26.488168886058613
2026-08-01 00:00:00+02:00,2443,Aramburu,19.243294299952563,29.211952150502416,29.211952150502416
2026-08-01 00:00:00+02:00,2467,Júnior R.,15.019511132164798,27.353636787902843,27.353636787902843
2026-08-01 00:00:00+02:00,2507,Dmitrovic,21.48032344502669,31.322774263223305,31.322774263223305
2026-08-01 00:00:00+02:00,2519,A. Batalla,15.064040034272958,22.73202363014787,22.73202363014787
2026-08-01 00:00:00+02:00,2541,Á. Valles,31.13763178824071,34.98407538748148,34.98407538748148
2026-08-01 00:00:00+02:00,2700,Etta Eyong,26.1910445070573,29.055910020245747,29.055910020245747
2026-08-01 00:00:00+02:00,2713,Ionut Radu,14.73653009488625,23.54638150487761,23.54638150487761
2026-08-01 00:00:00+02:00,3065,Laporte,14.77180526258229,32.581259759763924,32.581259759763924
2026-08-01 00:00:00+02:00,3070,Chupe,21.39757010230196,29.70649837600148,29.70649837600148
2026-08-01 00:00:00+02:00,3072,Larrubia,20.449897525714363,29.803119843040985,29.803119843040985
2026-08-01 00:00:00+02:00,3076,Yeremay,10.29821243825131,31.558233672037247,31.558233672037247
2026-08-01 00:00:00+02:00,3079,Lookman,19.359967901254286,25.449343904283644,25.449343904283644
2026-08-01 00:00:00+02:00,3080,Dumfries,10.821656134197156,24.4146364669146,24.4146364669146
2026-08-02 00:00:00+02:00,68,Unai Simón,9.013337799952485,29.675185928436527,29.675185928436527
2026-08-02 00:00:00+02:00,274,Remiro,11.352253690952368,27.481605258192708,27.481605258192708
2026-08-02 00:00:00+02:00,644,Sergio Herrera,18.381505564442666,29.616500441763712,29.616500441763712
2026-08-02 00:00:00+02:00,988,Sivera,21.03114982075118,25.528683158635424,25.528683158635424
2026-08-02 00:00:00+02:00,1930,El Hilali,13.854629815898114,26.239924183314063,26.239924183314063
2026-08-02 00:00:00+02:00,2005,Abel Bretones,35.167587526076204,49.3459101318134,43.3459101318134
2026-08-02 00:00:00+02:00,2359,Ferran,-0.7217506851493977,25.97593663694454,25.97593663694454
2026-08-02 00:00:00+02:00,2443,Aramburu,16.849316996240297,29.36286768246584,29.36286768246584
2026-08-02 00:00:00+02:00,2467,Júnior R.,11.788209184682536,27.308731893385648,27.308731893385648
2026-08-02 00:00:00+02:00,2507,Dmitrovic,19.77389526491876,31.7667612073744,31.7667612073744
2026-08-02 00:00:00+02:00,2541,Á. Valles,29.84471049885603,35.4074887993028,35.4074887993028
2026-08-02 00:00:00+02:00,2700,Etta Eyong,24.786242734657,29.880258858980344,29.880258858980344
2026-08-02 00:00:00+02:00,2713,Ionut Radu,13.282834499935426,23.54010655403018,23.54010655403018
2026-08-02 00:00:00+02:00,2985,Noubi,17.54081558434091,24.264690262061723,24.264690262061723
2026-08-02 00:00:00+02:00,3018,Eriksson,16.073361169657684,22.88311931943318,22.88311931943318
2026-08-02 00:00:00+02:00,3065,Laporte,11.95664059883271,30.363209921327385,30.363209921327385
2026-08-02 00:00:00+02:00,3070,Chupe,19.743967870334632,29.06750566367061,29.06750566367061
2026-08-02 00:00:00+02:00,3072,Larrubia,18.71953486739533,29.002062861710947,29.002062861710947
2026-08-02 00:00:00+02:00,3076,Yeremay,7.335369505476476,28.75977686503617,28.75977686503617
2026-08-02 00:00:00+02:00,3079,Lookman,17.975786573957013,24.96533309042241,24.96533309042241
2026-08-03 00:00:00+02:00,68,Unai Simón,4.982401673142682,28.679379415712244,28.679379415712244
2026-08-03 00:00:00+02:00,274,Remiro,7.845643214673792,27.8215539227979,27.8215539227979
2026-08-03 00:00:00+02:00,644,Sergio Herrera,17.089551560604296,29.2135180712606,29.2135180712606
2026-08-03 00:00:00+02:00,988,Sivera,20.137584417650185,28.092217591576045,28.092217591576045
2026-08-03 00:00:00+02:00,1930,El Hilali,13.457883743123755,26.89430665805468,26.89430665805468
2026-08-03 00:00:00+02:00,2005,Abel Bretones,34.605338613333764,51.0585109946862,46.258510994686205
2026-08-03 00:00:00+02:00,2443,Aramburu,13.957438089182803,30.83181930868291,30.83181930868291
2026-08-03 00:00:00+02:00,2467,Júnior R.,8.782568143561086,27.39603944011485,27.39603944011485
2026-08-03 00:00:00+02:00,2507,Dmitrovic,18.10265851180253,31.874431657526976,31.874431657526976
2026-08-03 00:00:00+02:00,2541,Á. Valles,28.34898307227905,36.38269132879349,36.38269132879349
2026-08-03 00:00:00+02:00,2607,Ilaix Moriba,9.659848083451047,25.437872026032835,25.437872026032835
2026-08-03 00:00:00+02:00,2700,Etta Eyong,22.44138601612748,32.17242299580656,32.17242299580656
2026-08-03 00:00:00+02:00,2985,Noubi,17.417532060467398,24.666823084313595,24.666823084313595
2026-08-03 00:00:00+02:00,3018,Eriksson,15.140111991749556,24.3545777774077,24.3545777774077
2026-08-03 00:00:00+02:00,3065,Laporte,8.870678984094257,27.7731626955111,27.7731626955111
2026-08-03 00:00:00+02:00,3070,Chupe,17.938701059885197,28.388413591467,28.388413591467
2026-08-03 00:00:00+02:00,3072,Larrubia,17.206600847534762,28.25455647043768,28.25455647043768
2026-08-03 00:00:00+02:00,3076,Yeremay,3.904922295669566,24.455278119154443,24.455278119154443
2026-08-03 00:00:00+02:00,3079,Lookman,16.312369775028486,25.21950539625453,25.21950539625453
2026-08-03 00:00:00+02:00,3106,Cucurella,28.9175895901028,31.42926407149242,31.42926407149242
2026-08-04 00:00:00+02:00,68,Unai Simón,1.1072230361692752,27.047130153701268,27.047130153701268
2026-08-04 00:00:00+02:00,274,Remiro,4.1872081876963225,26.75056668022613,26.75056668022613
2026-08-04 00:00:00+02:00,644,Sergio Herrera,15.468177109257294,28.98973685241628,28.98973685241628
2026-08-04 00:00:00+02:00,988,Sivera,18.49260550918365,28.26482260955555,28.26482260955555
2026-08-04 00:00:00+02:00,1930,El Hilali,13.838218452821376,26.34356422428789,26.34356422428789
2026-08-04 00:00:00+02:00,2005,Abel Bretones,34.39886709165741,52.25308587441717,48.25308587441717
2026-08-04 00:00:00+02:00,2443,Aramburu,13.383677032214573,29.253779269531044,29.253779269531044
2026-08-04 00:00:00+02:00,2467,Júnior R.,4.548926433037572,27.16447401572968,27.16447401572968
2026-08-04 00:00:00+02:00,2507,Dmitrovic,16.282991981638087,31.65299480728558,31.65299480728558
2026-08-04 00:00:00+02:00,2541,Á. Valles,27.232737909221665,36.05063213054899,36.05063213054899
2026-08-04 00:00:00+02:00,2607,Ilaix Moriba,7.376022393201033,25.96538206831384,25.96538206831384
2026-08-04 00:00:00+02:00,2700,Etta Eyong,21.01597143319447,32.66288287383589,32.66288287383589
2026-08-04 00:00:00+02:00,2776,A. Abqar,19.19201947983516,28.37039419192956,28.37039419192956
2026-08-04 00:00:00+02:00,2784,Marc Bernal,50.14191478944101,27.9075645337222,27.9075645337222
2026-08-04 00:00:00+02:00,3018,Eriksson,12.97991537268567,27.59594003330212,27.59594003330212
2026-08-04 00:00:00+02:00,3065,Laporte,4.2422160803337805,25.979055999926764,25.979055999926764
2026-08-04 00:00:00+02:00,3070,Chupe,15.670356789404538,27.73034620684891,27.73034620684891
2026-08-04 00:00:00+02:00,3072,Larrubia,14.812881045256852,27.738181082394068,27.738181082394068
2026-08-04 00:00:00+02:00,3106,Cucurella,24.80030590938019,36.777997728188005,36.777997728188005
2026-08-04 00:00:00+02:00,3107,Konaté,28.2832660235476,31.058693642007484,31.058693642007484
2026-08-05 00:00:00+02:00,68,Unai Simón,-2.4386920465710795,25.98466475589392,25.98466475589392
2026-08-05 00:00:00+02:00,644,Sergio Herrera,13.93981587405721,28.47632697077949,28.47632697077949
2026-08-05 00:00:00+02:00,988,Sivera,16.83288836547634,28.640616966982776,28.640616966982776
2026-08-05 00:00:00+02:00,1930,El Hilali,11.981690155775803,28.593750232734013,28.593750232734013
2026-08-05 00:00:00+02:00,2005,Abel Bretones,33.46006699559671,54.35597775797008,50.92740632939865
2026-08-05 00:00:00+02:00,2443,Aramburu,11.285403087824609,29.0958922241234,29.0958922241234
2026-08-05 00:00:00+02:00,2467,Júnior R.,0.5695659510460969,26.87520565465273,26.87520565465273
2026-08-05 00:00:00+02:00,2507,Dmitrovic,14.827951100081677,30.998226514167257,30.998226514167257
2026-08-05 00:00:00+02:00,2541,Á. Valles,25.68228335263425,36.74174063021353,36.74174063021353
2026-08-05 00:00:00+02:00,2607,Ilaix Moriba,3.970488439112181,27.39248009455865,27.39248009455865
2026-08-05 00:00:00+02:00,2700,Etta Eyong,19.1573742836362,32.94073664376681,32.94073664376681
2026-08-05 00:00:00+02:00,2776,A. Abqar,18.74770148432388,31.351310381655725,31.351310381655725
2026-08-05 00:00:00+02:00,2784,Marc Bernal,46.42528335033504,39.89535862274588,39.89535862274588
2026-08-05 00:00:00+02:00,3018,Eriksson,10.9191373582505,28.11016957964408,28.11016957964408
2026-08-05 00:00:00+02:00,3070,Chupe,12.843514977078769,27.298713030928138,27.298713030928138
2026-08-05 00:00:00+02:00,3072,Larrubia,12.775000053561314,26.929728021488994,26.929728021488994
2026-08-05 00:00:00+02:00,3079,Lookman,11.401585326711142,25.329466851052384,25.329466851052384
2026-08-05 00:00:00+02:00,3106,Cucurella,20.598734413885115,39.36746191831182,39.36746191831182
2026-08-05 00:00:00+02:00,3107,Konaté,25.27215988323912,34.57488801172512,34.57488801172512
2026-08-05 00:00:00+02:00,3108,Aubameyang,46.84257180450084,41.19041924497469,41.19041924497469
2026-08-06 00:00:00+02:00,637,Moncayola,8.6639701920268,25.11577689196733,25.11577689196733
2026-08-06 00:00:00+02:00,644,Sergio Herrera,11.773622391738929,27.67190161776768,27.67190161776768
2026-08-06 00:00:00+02:00,988,Sivera,14.627684718151327,27.953832803949915,27.953832803949915
2026-08-06 00:00:00+02:00,1930,El Hilali,11.035903381841226,26.891416150000737,26.891416150000737
2026-08-06 00:00:00+02:00,2005,Abel Bretones,32.302872105754524,53.663182374443934,52.163182374443934
2026-08-06 00:00:00+02:00,2390,Starfelt,13.775823014410308,25.288617196627104,25.288617196627104
2026-08-06 00:00:00+02:00,2443,Aramburu,10.573305341878484,25.27235870223632,25.27235870223632
2026-08-06 00:00:00+02:00,2507,Dmitrovic,13.097084323978446,29.591830256863272,29.591830256863272
2026-08-06 00:00:00+02:00,2541,Á. Valles,23.72830460703093,35.359118115098354,35.359118115098354
2026-08-06 00:00:00+02:00,2607,Ilaix Moriba,1.2798173747264645,26.49272489575437,26.49272489575437
2026-08-06 00:00:00+02:00,2700,Etta Eyong,17.565231528476048,30.70809060313509,30.70809060313509
2026-08-06 00:00:00+02:00,2776,A. Abqar,18.0276971920028,31.94112057260621,31.94112057260621
2026-08-06 00:00:00+02:00,2784,Marc Bernal,43.06589145105279,45.81371982783797,45.81371982783797
2026-08-06 00:00:00+02:00,3018,Eriksson,7.8746801477452015,28.129262656170123,28.129262656170123
2026-08-06 00:00:00+02:00,3070,Chupe,8.972350443583473,25.659410215002406,25.659410215002406
2026-08-06 00:00:00+02:00,3072,Larrubia,9.478478562178951,25.66300795047185,25.66300795047185
2026-08-06 00:00:00+02:00,3106,Cucurella,16.091710069394065,37.28374225872167,37.28374225872167
2026-08-06 00:00:00+02:00,3107,Konaté,22.68243828394596,34.64609998536131,34.64609998536131
2026-08-06 00:00:00+02:00,3108,Aubameyang,43.416225272609424,42.44502706600261,42.44502706600261
2026-08-06 00:00:00+02:00,3109,Leo Román,19.47335108237005,26.93505283973132,26.93505283973132
2026-08-07 00:00:00+02:00,637,Moncayola,9.270354259339996,26.93178340351249,26.93178340351249
2026-08-07 00:00:00+02:00,644,Sergio Herrera,8.708746530069298,27.025090581224283,27.025090581224283
2026-08-07 00:00:00+02:00,988,Sivera,12.251186664413437,28.32536952629605,28.32536952629605
2026-08-07 00:00:00+02:00,1930,El Hilali,11.22320195328606,26.445083022706903,26.445083022706903
2026-08-07 00:00:00+02:00,2005,Abel Bretones,31.39041758884232,54.57052658066229,53.07052658066229
2026-08-07 00:00:00+02:00,2414,Bellerín,15.108798706178,25.17963501829164,25.17963501829164
2026-08-07 00:00:00+02:00,2443,Aramburu,10.077212669780945,24.46011386130008,24.46011386130008
2026-08-07 00:00:00+02:00,2507,Dmitrovic,11.24090836287609,28.45481870836555,28.45481870836555
2026-08-07 00:00:00+02:00,2541,Á. Valles,21.65710445869876,35.097196502130224,35.097196502130224
2026-08-07 00:00:00+02:00,2700,Etta Eyong,15.260692814303662,31.36219893082025,31.36219893082025
2026-08-07 00:00:00+02:00,2776,A. Abqar,18.28115459130212,32.02885919609785,32.02885919609785
2026-08-07 00:00:00+02:00,2784,Marc Bernal,39.41099322381585,52.62976422924829,52.62976422924829
2026-08-07 00:00:00+02:00,2985,Noubi,14.15555186455778,25.86983438095435,24.36983438095435
2026-08-07 00:00:00+02:00,3018,Eriksson,5.41934466902536,27.267426265387893,27.267426265387893
2026-08-07 00:00:00+02:00,3070,Chupe,4.573706689523215,25.4213351477512,25.4213351477512
2026-08-07 00:00:00+02:00,3072,Larrubia,5.739012377665703,25.054738167452115,25.054738167452115
2026-08-07 00:00:00+02:00,3106,Cucurella,10.754054604412994,35.96647787113069,35.96647787113069
2026-08-07 00:00:00+02:00,3107,Konaté,18.890700289264352,34.739570159971734,34.739570159971734
2026-08-07 00:00:00+02:00,3108,Aubameyang,39.30247962642292,42.36265098122008,42.36265098122008
2026-08-07 00:00:00+02:00,3109,Leo Román,17.60176342052619,28.813089902015022,28.813089902015022
2026-08-08 00:00:00+02:00,637,Moncayola,10.06054003206176,26.742460969896115,26.742460969896115
2026-08-08 00:00:00+02:00,644,Sergio Herrera,5.820156730217152,24.047281046392754,24.047281046392754
2026-08-08 00:00:00+02:00,988,Sivera,9.667717685694498,28.10497146626076,28.10497146626076
2026-08-08 00:00:00+02:00,1930,El Hilali,10.331813401959932,25.70790456874264,25.70790456874264
2026-08-08 00:00:00+02:00,2005,Abel Bretones,28.75772952178092,54.98283177353568,53.98283177353568
2026-08-08 00:00:00+02:00,2335,Areso,12.4482120475142,27.14886746719753,27.14886746719753
2026-08-08 00:00:00+02:00,2414,Bellerín,15.421590417028366,25.271507372981887,25.271507372981887
2026-08-08 00:00:00+02:00,2507,Dmitrovic,8.947106189118935,27.42006958095206,27.42006958095206
2026-08-08 00:00:00+02:00,2541,Á. Valles,17.971026296305574,34.6777771557609,34.6777771557609
2026-08-08 00:00:00+02:00,2588,Danjuma,11.119175759474038,24.305231794292887,24.305231794292887
2026-08-08 00:00:00+02:00,2700,Etta Eyong,12.44206115784431,30.286772236125564,30.286772236125564
2026-08-08 00:00:00+02:00,2776,A. Abqar,17.69145444792622,32.36550789770681,32.36550789770681
2026-08-08 00:00:00+02:00,2784,Marc Bernal,36.605521871342624,52.10088164413495,52.10088164413495
2026-08-08 00:00:00+02:00,3018,Eriksson,3.0924711766012902,27.50389009046244,27.50389009046244
2026-08-08 00:00:00+02:00,3070,Chupe,0.4055025984254499,24.838852097874565,24.838852097874565
2026-08-08 00:00:00+02:00,3072,Larrubia,1.3201075363664594,24.273748369953207,24.273748369953207
2026-08-08 00:00:00+02:00,3106,Cucurella,5.764948646715537,34.1602850860033,34.1602850860033
2026-08-08 00:00:00+02:00,3107,Konaté,14.090564225802204,33.994909142283404,33.994909142283404
2026-08-08 00:00:00+02:00,3108,Aubameyang,35.09662862102615,41.92875554780306,41.92875554780306
2026-08-08 00:00:00+02:00,3109,Leo Román,15.577727834009144,28.78099165701309,28.78099165701309
2026-08-15 00:00:00+02:00,637,Moncayola,0.965570701926267,28.489415080942926,28.489415080942926
2026-08-15 00:00:00+02:00,1103,Óscar Valentín,0.7821907462315347,27.665787882002675,27.665787882002675
2026-08-15 00:00:00+02:00,1121,Balliu,2.7266210851345387,42.58227131170061,42.58227131170061
2026-08-15 00:00:00+02:00,2005,Abel Bretones,2.4538060544907885,46.57783618411959,46.57783618411959
2026-08-15 00:00:00+02:00,2206,Yoel Lago,0.0,31.3616093954166,31.3616093954166
2026-08-15 00:00:00+02:00,2315,Paredes,1.489876678896924,32.35250842393264,32.35250842393264
2026-08-15 00:00:00+02:00,2335,Areso,1.3281056547284065,35.10051470965051,35.10051470965051
2026-08-15 00:00:00+02:00,2445,Olasagasti,1.3005203514435113,35.3955683542221,35.3955683542221
2026-08-15 00:00:00+02:00,2457,Dimitrievski,2.0642415312236406,29.28390926224196,29.28390926224196
2026-08-15 00:00:00+02:00,2520,Roberto,1.921069283908157,37.84154402519518,37.84154402519518
2026-08-15 00:00:00+02:00,2548,Riquelme,2.310412076311465,35.86196703869697,35.86196703869697
2026-08-15 00:00:00+02:00,2613,M. Dituro,1.1834442870812476,29.114739541389344,29.114739541389344
2026-08-15 00:00:00+02:00,2626,Deossa,1.09016793922382,34.68457067498317,34.68457067498317
2026-08-15 00:00:00+02:00,2714,Javi Rueda,1.839287073259723,38.26935089906186,38.26935089906186
2026-08-15 00:00:00+02:00,2721,A. Osambela,0.0,32.44205874698859,32.44205874698859
2026-08-15 00:00:00+02:00,2776,A. Abqar,1.8428721413622584,29.437590873296404,29.437590873296404
2026-08-15 00:00:00+02:00,2784,Marc Bernal,3.5389912400217245,44.47905712339788,44.47905712339788
2026-08-15 00:00:00+02:00,3108,Aubameyang,3.0074335801927536,33.72987242298006,33.72987242298006
2026-08-15 00:00:00+02:00,3116,Bernardo Silva,1.7823866318058688,27.36848351562178,27.36848351562178
2026-08-15 00:00:00+02:00,3125,Canales,1.861083344664692,27.64698146342349,27.64698146342349
2026-08-16 00:00:00+02:00,1103,Óscar Valentín,,27.75340440038482,27.75340440038482
2026-08-16 00:00:00+02:00,1121,Balliu,,43.573981492864895,43.573981492864895
2026-08-16 00:00:00+02:00,1682,Altimira,,25.904812900000056,25.904812900000056
2026-08-16 00:00:00+02:00,2005,Abel Bretones,,45.039776427087965,45.039776427087965
2026-08-16 00:00:00+02:00,2206,Yoel Lago,,31.361609395416593,31.361609395416593
2026-08-16 00:00:00+02:00,2315,Paredes,,31.690181420278638,31.690181420278638
2026-08-16 00:00:00+02:00,2335,Areso,,34.29578033866727,34.29578033866727
2026-08-16 00:00:00+02:00,2445,Olasagasti,,34.9133371955224,34.9133371955224
2026-08-16 00:00:00+02:00,2457,Dimitrievski,,29.292808520169917,29.292808520169917
2026-08-16 00:00:00+02:00,2520,Roberto,,35.13695412902584,35.13695412902584
2026-08-16 00:00:00+02:00,2548,Riquelme,,36.1487580679473,36.1487580679473
2026-08-16 00:00:00+02:00,2613,M. Dituro,,28.976859040474785,28.976859040474785
2026-08-16 00:00:00+02:00,2626,Deossa,,34.27240746427491,34.27240746427491
2026-08-16 00:00:00+02:00,2714,Javi Rueda,,39.26936537839383,39.26936537839383
2026-08-16 00:00:00+02:00,2721,A. Osambela,,32.44205874698859,32.44205874698859
2026-08-16 00:00:00+02:00,2774,Kiko F.,,34.529431928233386,34.529431928233386
2026-08-16 00:00:00+02:00,2776,A. Abqar,,28.66792561282966,28.66792561282966
2026-08-16 00:00:00+02:00,2784,Marc Bernal,,42.6971536677692,42.6971536677692
2026-08-16 00:00:00+02:00,3108,Aubameyang,,31.76157824705788,31.76157824705788
2026-08-16 00:00:00+02:00,3125,Canales,,25.324139967293473,25.324139967293473
